なすとミニトマトのピザ風,なす,ミニ,トマト,ピザ,風
もちラザニア,もち,ラザニア
アプリコットパンプティング,アプリコットパンプティング
シリアルバー,シリアル,バー
ガリバタ鶏<br/>ガーリックバター醤油炒め,ガリ,バタ,鶏,<,br,/>,ガーリック,バター,醤油,炒め
豚バラ大根<br/>すき焼き煮,豚,バラ,大根,<,br,/>,すき焼き,煮
豚テキ<br/>濃厚和風つけ焼き,豚,テキ,<,br,/>,濃厚,和風,つけ,焼き
塩鶏じゃが<br/>鶏だし　うま塩煮,塩,鶏,<,br,/>,鶏,うま,塩,煮
タンドリー鶏<br/>ジューシーカレー風味,タンドリー,鶏,<,br,/>,ジューシーカレー,風味
牛エリンギ<br/>甘から醤油炒め,牛,エリンギ,<,br,/>,甘から,醤油,炒め
牛皿<br/>すき焼き甘だれ,牛,皿,<,br,/>,すき焼き,甘,だれ
【アレンジレシピ】<br/>ガリバタ鶏用 de ピザ,アレンジ,レシピ,】<,br,/>,ガリバタ,鶏,用,de,ピザ
【アレンジレシピ】<br/>豚バラ大根用 de パスタ,アレンジ,レシピ,】<,br,/>,豚,バラ,大根,用,de,パスタ
【アレンジレシピ】<br/>牛皿用 de からあげ,アレンジ,レシピ,】<,br,/>,牛,皿,用,de,あげ
【アレンジレシピ】<br/>タンドリー鶏用 de ドライカレー,アレンジ,レシピ,】<,br,/>,タンドリー,鶏,用,de,ドライ,カレー
豆腐ハンバーグ,豆腐,ハンバーグ
ポークピカタ（冷凍）,ポークピカタ,冷凍
ハムチーズポークピカタ（冷凍）,ハムチーズポークピカタ,冷凍
梅しそポークピカタ（冷凍）,梅,しそ,ポークピカタ,冷凍
れんこんの肉詰め（冷凍）,れん,こん,肉,詰め,冷凍
さけのバター照り焼き（冷凍）,さけ,バター,照り,焼き,冷凍
ぶりのみそ漬焼き（冷凍）,ぶり,みそ,漬,焼き,冷凍
ぶりのかす漬焼き（冷凍）,ぶり,かす,漬,焼き,冷凍
いか姿焼き（冷凍）,いか,姿,焼き,冷凍
簡単パエリア（冷凍）,簡単,パ,エリア,冷凍
チキンライス（冷凍）,チキンライス,冷凍
えびの春巻き,えび,春巻き
小松菜のサッとあえ,小松菜,サッと
五目ごはん,五目,ごはん
冷蔵ピザ,冷蔵,ピザ
ピザトースト,ピザ,トースト
ポークソテー,ポーク,ソテー
ささ身のベーコン巻きグリル,ささ身,ベーコン,巻き,グリル
ほうれん草とベーコンのフラン,ほうれん草,ベーコン,フラン
豚肉とキャベツのぎょうざ,豚肉,キャベツ,ざ
ベーコンと野菜のココット,ベーコン,野菜,ココット
厚揚げとしめじの蒸し焼き,厚,揚げ,しめじ,蒸し焼き
なしのコンポート,なし,コンポート
金時豆,金時,豆
中華風茶わん蒸し,中華,風,茶わん,蒸し
つくねだんご,つくね,ん
ミートローフ,ミートローフ
えびと貝柱のコキール,えび,貝柱,コキール
ココアシフォンケーキ,ココアシフォンケーキ
蒸しケーキ,蒸し,ケーキ
抹茶蒸しパン,抹茶,蒸し,パン
さけのハーブ蒸し,さけ,ハーブ,蒸し
キーマカレー,キーマカレー
ターメリックライス,ターメリックライス
いもがゆ,いも,ゆ
あずきがゆ,あずき,ゆ
さけがゆ,さけ,ゆ
ジャーマンポテトピザ,ジャーマンポテトピザ
照り焼きチキンピザ,照り,焼き,チキン,ピザ
シーフードピザ,シーフード,ピザ
チルドピザ,チルドピザ
さわらの<br/>めんたいマヨネーズ焼き<br/>(凍ったままグリル),さ,わら,<,br,/>,めん,マヨネーズ,焼き,<,br,/>(,凍っ,まま,グリル,)
ほうれん草の白あえ,ほうれん草,白
ささ身とみつばの蒸し物,ささ身,みつば,蒸し物
豚ともやしの蒸し物,豚,もやし,蒸し物
ハヤシライス,ハヤシライス
肉じゃが,肉じゃが
めんたいこの解凍,めん,たいこ,解凍
お菓子(せんべい)の乾燥,お菓子,(,せんべい,),乾燥
小田巻き蒸し,小田巻き蒸し
田作り,田作り
ひじきとベーコンの煮物,ひじき,ベーコン,煮物
抹茶シフォンケーキ,抹茶,シフォン,ケーキ
アイスボックス<br/>クッキー,アイス,ボックス,<,br,/>,クッキー
フランスパン,フランス,パン
さけのマヨわさ焼き&きのこと<br/>ごぼうのペペロンチーノ,さけ,マヨ,焼き,&,きのこ,<,br,/>,ごぼう,ペペロンチーノ
いさきのチーズ焼き&<br/>ラタトゥイユ,いさき,チーズ,焼き,&<,br,/>,ラタトゥイユ
ピーマンのひき肉詰め焼き&<br/>ブラックビーンズソース,ピーマン,ひき肉,詰め,焼き,&<,br,/>,ブラックビーンズソース
ミートソースのライスコロッケ&<br/>きのこソース,ミート,ソース,ライス,コロッケ,&<,br,/>,きのこ,ソース
豚肉のピザ風グリル,豚肉,ピザ,風,グリル
ミートライスのカネロニ,ミート,ライス,カネロニ
ピーマンの肉詰め甘酢あん,ピーマン,肉,詰め,甘酢,あん
四川風串焼き,四川,風,串焼き
グラタントースト　カレー風味,グラタン,トースト,カレー,風味
えびのピザトースト,えび,ピザ,トースト
バジルとトマトのトースト,バジル,トマト,トースト
アンチョビトースト,アンチョビトースト
サーモンのおから焼き,サーモン,おから,焼き
焼き野菜と<br/>パルミジャーノのサラダ,焼き,野菜,<,br,/>,パルミジャーノ,サラダ
白身魚の地中海風,白身,魚,地中,海風
カナッペ風ポテト,カナッペ,風,ポテト
白身魚とオレンジのサラダ,白身,魚,オレンジ,サラダ
キャベツと豚バラの蒸し煮,キャベツ,豚,バラ,蒸し,煮
牛肉のキャロット煮,牛肉,キャロット,煮
きのことポテトのバター焼き,きのこ,ポテト,バター,焼き
彩り野菜の<br/>ペペロンチーノ風,彩り,野菜,<,br,/>,ペペロンチーノ,風
鶏とパプリカの煮込み,鶏,パプリカ,煮込み
チキンとえびの<br/>焼きピラフ,チキン,えび,<,br,/>,焼き,ピラフ
ラグーソースのパスタ,ラグーソース,パスタ
えび入り<br/>トマトのクリームパスタ,えび,入り,<,br,/>,トマト,クリーム,パスタ
ボンゴレ・ロッソ,ボンゴレ・ロッソ
ブロッコリーソースパスタ,ブロッコリーソースパスタ
焼きおにぎり手まり風<br/>(さけ/青菜/ねぎみそ),焼き,おにぎり,手まり,風,<,br,/>(,さけ,/,青菜,/,ねぎ,みそ,)
蒸し豚の梅ソースあえ,蒸し,豚,梅,ソース
えびのにんにく風味焼き,えび,にんにく,風味,焼き
マーボーなす,マーボー,なす
バンバンジー,バンバンジー
豆腐とえびの蒸し物,豆腐,えび,蒸し物
鶏肉のXO醤風味蒸し,鶏肉,XO,醤,風味,蒸し
しゅうまい,しゅう
豆腐のかに肉あんかけ,豆腐,かに,肉,あん
あつあつポテトサラダ,あつあつ,ポテト,サラダ
野菜カレー煮,野菜,カレー,煮
うなたま丼,たま,丼
豚とにらの塩焼きそば,豚,ら,塩,焼きそば
カレーそうめんチャンプル,カレー,そう,めん,チャンプル
厚揚げのささ身納豆添え,厚,揚げ,ささ身,納豆,添え
味わい万能ラー油,味わい,万能,ラー油
じゃことししとう煮,こと,ししとう,煮
きのこのバターポン酢あえ,きのこ,バター,ポン酢
野菜の南蛮漬け,野菜,南蛮,漬け
ガトーショコラ　オレンジ風味,ガトーショコラ,オレンジ,風味
スイーツ春巻き,スイーツ,春巻き
フルーツチョコタルト,フルーツチョコタルト
ホット果実ワイン,ホット,果実,ワイン
【札幌】<br/>豚肉のグリーンアスパラ<br/>カツレツ,札幌,】<,br,/>,豚肉,グリーン,アスパラ,<,br,/>,カツレツ
【仙台】<br/>三陸魚介の旨み蒸し,仙台,】<,br,/>,三陸,魚介,旨み,蒸し
【東京・洋食】<br/>根菜シャキシャキハンバーグ,東京,洋食,】<,br,/>,根菜,シャキシャキ,ハンバーグ
【東京・洋食】<br/>クックドビーフシチュー,東京,洋食,】<,br,/>,クックドビーフシチュー
【東京・中華】<br/>野菜たっぷりヘルシー油淋鶏,東京,中華,】<,br,/>,野菜,たっぷり,ヘルシー,油,淋,鶏
【東京・中華】<br/>オイスターソース焼きそば,東京,中華,】<,br,/>,オイスターソース,焼きそば
【名古屋】<br/>三河豚パルミジャーノカツレツ,名古屋,】<,br,/>,三,河豚,パルミジャーノカツレツ
【大阪】<br/>河内鴨と大阪しろなの<br/>スパイシーグリル,大阪,】<,br,/>,河内,鴨,大阪,しろ,<,br,/>,スパイシーグリル
【広島】<br/>黒鯛と車海老の<br/>瀬戸田レモングリル,広島,】<,br,/>,黒鯛,車海老,<,br,/>,瀬戸田,レモン,グリル
【福岡】<br/>博多明太子入りサーモンバーグ,福岡,】<,br,/>,博多,明太子,入り,サーモンバーグ
サルヴァトーレ クオモの<br/>新鮮魚介の紙包み焼き<br/>カルトッチョ,サルヴァトーレ,クオモ,<,br,/>,新鮮,魚介,紙,包み,焼き,<,br,/>,カルトッチョ
ピクルスのフルーツサラダ,ピクルス,フルーツ,サラダ
かぶの牛肉ロールグリル,かぶ,牛肉,ロールグリル
トマトカップのラタトゥイユ,トマト,カップ,ラタトゥイユ
さけの豆乳味噌グラタン,さけ,豆乳,味噌,グラタン
たらのパリパリ包み焼き,たら,パリ,パリ,包み,焼き
揚げないチキンウィング,揚げ,チキンウィング
きのこたっぷりポークフリカッセ,きのこ,たっぷり,ポーク,フリカッセ
みたらしパンプディング,みたらし,パン,プディング
ほろほろクッキー,ほろほろ,クッキー
丸ごとかぼちゃグラタン,丸ごと,かぼちゃ,グラタン
里芋といかのうま煮,里芋,いか,うま煮
チキングリル香草パン粉焼きとれんこんとドライトマトの蒸し煮バルサミコ風味,チキン,グリル,香,草,パン粉,焼き,とれん,こん,ドライ,トマト,蒸し,煮,バルサミコ,風味
小松菜としらすの焼きおにぎり,小松菜,しらす,焼き,おにぎり
カリフラワーのミルクスープパイ包み焼き,カリフラワー,ミルクスープパイ,包み,焼き
春キャベツ焼売,春,キャベツ,焼売
薄焼き卵のほうれん草巻き,薄焼き,卵,ほうれん草,巻き
千草焼き,千草,焼き
野菜と豚肉のヘルシー蒸し,野菜,豚肉,ヘルシー,蒸し
スパイシー肉じゃが,スパイシー,肉じゃが
豚肉串揚げ,豚肉,串,揚げ
チンジャオロース,チンジャオロース
モーニングプレート,モーニング,プレート
ゆで卵&ブロッコリーの合わせ蒸し,ゆで,卵,&,ブロッコリー,合わせ,蒸し
塩ざけ&野菜オムレツ,塩,ざけ,&,野菜,オムレツ
厚揚げのきのこあんかけ,厚,揚げ,きのこ,あん
こんにゃくステーキ,こんにゃく,ステーキ
おでん,おでん
梅としらすの混ぜごはん,梅,しらす,混ぜ,ごはん
牛肉と枝豆の混ぜごはん,牛肉,枝豆,混ぜ,ごはん
たいの京風くずあんかけごはん,たい,京,風,くず,あん,かけ,ごはん
カニかまチャーハン,カニ,チャーハン
さけのムニエル＆アスパラときのこのソテー,さけ,ムニエル,アスパラ,とき,ソテー
いかとセロリのガーリックいため,いか,セロリ,ガーリック,いため
あじの南蛮づけ,あじ,南蛮,づけ
いわしのかば焼き,いわし,かば焼き
いわしのゆずこしょう焼き,いわし,ゆず,こしょう,焼き
はんぺんのふんわり磯辺焼き,はんぺん,ふんわり,磯辺,焼き
えびとレンコンのエスニック仕立て,えび,レンコン,エスニック,仕立て
リンツァートルテ,リンツァートルテ
オレンジチョコパイ,オレンジチョコパイ
チョコフォンデュ,チョコフォンデュ
クレープ,クレープ
ミルクレープ,ミル,クレープ
バナナのプチドーナツ,バナナ,プチドーナツ
焼きプリン,焼き,プリン
焼きりんご,焼き,りんご
りんごとバナナのフルーツソテー,りんご,バナナ,フルーツ,ソテー
焼きバナナ,焼き,バナナ
ポテトのソテーとろりチーズのせ,ポテト,ソテー,とろり,チーズ,せ
ハッシュ・ド・ポテト,ハッシュ,ド,ポテト
キャベツのスープ煮かりかりベーコン風味,キャベツ,スープ煮,かりかり,ベーコン,風味
じゃがいものホイル素材焼き,じゃがいも,ホイル,素材,焼き
かぼちゃのホイル素材焼き,かぼちゃ,ホイル,素材,焼き
かぼちゃの煮物,かぼちゃ,煮物
たけのこのつくね,たけ,つくね
うまみたっぷり野菜いため,うまみ,たっぷり,野菜,いため
クロックムッシュ/クロックマダム,クロックムッシュ,/,クロック,マダム
バナナホットサンド,バナナホットサンド
そば粉のガレット,そば,粉,ガレット
枝豆とコーンのポテトパンケーキ,枝豆,コーン,ポテト,パンケーキ
ちくわとキャベツの和風パスタ,ちく,キャベツ,和風,パスタ
海鮮チヂミ,海鮮,チヂミ
チャパティ,チャパティ
揚げないフライドポテト,揚げ,フライドポテト
なす田楽,なす,田楽
きのこのオイル焼き,きのこ,オイル,焼き
じゃがいものミニグラタン,じゃがいも,ミニ,グラタン
ほうれん草とベーコンのキッシュ,ほうれん草,ベーコン,キッシュ
豆腐のミートグラタン,豆腐,ミート,グラタン
パングラタン,パン,グラタン
ミートパイ,ミート,パイ
ソーセージパイ,ソーセージ,パイ
カレー春巻き,カレー,春巻き
ミートドリア,ミート,ドリア
焼きカレー,焼き,カレー
簡単手作りピザ,簡単,手作り,ピザ
春巻きの皮ピザ,春巻き,皮,ピザ
アイスボックスクッキー,アイスボックスクッキー
にんじんケーキ,にんじん,ケーキ
バナナケーキ,バナナ,ケーキ
ほうれん草ケーキ,ほうれん草,ケーキ
リコッタとくるみのケーキ,リコッタ,くるみ,ケーキ
ベイクドチーズケーキ,ベイクドチーズケーキ
りんごのチーズケーキ,りんご,チーズ,ケーキ
アップルパイ,アップルパイ
フルーツタルト,フルーツタルト
黄桃のクラフティ,黄,桃,クラフティ
チョコとベリーのクラフティ,チョコ,ベリー,クラフティ
ケークサレ,ケークサレ
伊達巻き,伊達,巻き
卵のココット,卵,ココット
茶わん蒸し,茶わん,蒸し
鶏胸肉のきのこ詰め皮パリパリ焼き,鶏,胸,肉,きのこ,詰め,皮,パリ,パリ,焼き
ハンバーグ,ハンバーグ
ポークソテー,ポーク,ソテー
スペアリブ,スペアリブ
鶏の香草焼き,鶏,香,草,焼き
中華風チキングリル,中華,風,チキン,グリル
ミートローフ,ミートローフ
ピーマンの肉詰め,ピーマン,肉,詰め
チキンとじゃがいものグリル焼き,チキン,じゃがいも,グリル,焼き
ベーコンときのこのホイル包み焼き,ベーコン,とき,ホイル,包み,焼き
手羽先の塩焼き,手羽,先,塩焼き
豚肉と白菜のホイル包み焼き,豚肉,白菜,ホイル,包み,焼き
揚げない唐揚げ,揚げ,唐,揚げ
手作りぎょうざ,手作り,ざ
チルドぎょうざ,チルド,ざ
冷凍ぎょうざ（水あり）,冷凍,ざ,水,あり
冷凍ぎょうざ（水なし）,冷凍,ざ,水,なし
タンドリーチキン,タンドリーチキン
厚揚げのねぎみそ焼き,厚,揚げ,ねぎ,みそ,焼き
パエリア,パ,エリア
焼きおにぎり,焼き,おにぎり
チャーシュー丼,チャーシュー,丼
五平餅,五平,餅
たいの塩釜焼き,たい,塩釜,焼き
あじの香草焼き,あじ,香,草,焼き
えびのオーブン焼き,えび,オーブン,焼き
ぶりのつけ焼き,ぶり,つけ,焼き
帆立貝のグラタン,帆立貝,グラタン
さけとしめじのホイル包み焼き,さけ,しめじ,ホイル,包み,焼き
かきのホイル包み焼き,かき,ホイル,包み,焼き
いかの姿焼き,いか,姿,焼き
いちごのタルト,いちご,タルト
ブラウニー,ブラウニー
チョコレートバナナケーキ,チョコレートバナナケーキ
ホイルケーキ,ホイル,ケーキ
スイートポテト,スイートポテト
ホットケーキ,ホットケーキ
ラスク,ラスク
アスパラ焼きびたし,アスパラ,焼き,びたし
アスパラチーズ焼き,アスパラ,チーズ,焼き
トマトとズッキーニのハーブグリル焼き,トマト,ズッキーニ,ハーブ,グリル,焼き
きのこと野菜のグリル焼き,きのこ,野菜,グリル,焼き
フォカッチャ,フォカッチャ
ツナと玉ねぎのブルスケッタ,ツナ,玉ねぎ,ブルスケッタ
ガーリックトースト,ガーリック,トースト
明太トースト,明太,トースト
フランスパンピザ,フランスパンピザ
パイピザ,パイ,ピザ
お好み焼き,お好み焼き
明太もちチーズ春巻き,明太,もち,チーズ,春巻き
アンチョビのブルスケッタ,アンチョビ,ブルスケッタ
サーモンとカマンベールのブルスケッタ,サーモン,カマンベール,ブルスケッタ
ローストビーフ,ロースト,ビーフ
蒸し鶏風,蒸し,鶏,風
蒸し鶏風の四川風ピリ辛だれ,蒸し,鶏,風,四川,風,ピリ,辛,だれ
かんたんチャーシュー,かん,ん,チャーシュー
セミドライトマトとあさりのワイン蒸し,セミドライトマト,あさり,ワイン,蒸し
セミドライトマトのオイル漬け,セミドライトマト,オイル,漬け
枝豆のホイル包み焼き,枝豆,ホイル,包み,焼き
揚げないポテトチップス,揚げ,ポテトチップス
アマンドショコラ,アマンドショコラ
カスタードプリン,カスタード,プリン
かぼちゃプリン,かぼちゃ,プリン
セミドライフルーツ,セミドライフルーツ
プチパンケーキサンド,プチパンケーキサンド
グラノーラ,グラノーラ
ショートケーキ,ショートケーキ
鶏のバター焼き＆<br/>ごぼう蒸し煮,鶏,バター,焼き,＆<,br,/>,ごぼう,蒸し,煮
アスパラ肉巻き＆<br/>きゅうりの煮込み,アスパラ,肉,巻き,＆<,br,/>,きゅうり,煮込み
豚のピリ辛焼き＆<br/>甘辛野菜ソース,豚,ピリ,辛,焼き,＆<,br,/>,甘辛,野菜,ソース
中華焼きおにぎり＆<br/>ピリ辛スープ,中華,焼き,おにぎり,＆<,br,/>,ピリ,辛,スープ
豚肉のから揚げ＆<br/>ポテトのスープ煮,豚肉,の,揚げ,＆<,br,/>,ポテト,スープ煮
焼きもち＆かちん粥,焼きもち,かちん,粥
さばのみそ煮焼き,さば,みそ,煮焼き
白身魚のホイル焼き,白身,魚,ホイル,焼き
白菜のあえ物,白菜,あえ物
根菜和風サラダ,根菜,和風,サラダ
中華おこわ,中華,おこわ
五穀ごはん,五穀,ごはん
トマトがゆ,トマト,ゆ
バターを溶かす,バター,溶かす
ホットワイン,ホット,ワイン
ゼラチンを溶かす,ゼラチン,溶かす
白身魚ときのこの<br/>包み蒸し,白身,魚,とき,<,br,/>,包み,蒸し
鶏肉のはちみつソースがけ,鶏肉,はちみつ,ソース
焼きえびワンタン,焼き,えび,ワンタン
マカオ風<br/>カレーグラタン,マカオ,風,<,br,/>,カレー,グラタン
ポテトとチーズの<br/>お焼き,ポテト,チーズ,<,br,/>,焼き
りんごのチェー,りんご,チェー
肉団子,肉,団子
焼き豚,焼き豚
チキンボール,チキン,ボール
ジャーマンポテト,ジャーマンポテト
イカのマリネ,イカ,マリネ
ジャーマンポテトオムレツ,ジャーマンポテトオムレツ
ジャーマンポテトのグラタン,ジャーマンポテト,グラタン
肉団子とねぎ・しいたけのスープ,肉,団子,ねぎ,しいたけ,スープ
肉団子の甘酢あんかけ,肉,団子,甘酢,あん
焼き豚サラダ,焼き豚,サラダ
焼き豚丼温玉のせ,焼き豚,丼,温,玉,せ
チキンボール甘酢あんかけ,チキン,ボール,甘酢,あん
チキンボールの炒り煮,チキン,ボール,炒り,煮
イカと大根のささっとサラダ,イカ,大根,ささっ,サラダ
イカとわけぎ酢味噌あえ,イカ,わけ,ぎ,酢味噌
食パン,食パン
ふんわりパン・ド・ミ,ふんわり,パン・ド・ミ
パン・ド・ミ：Ｗチョコパン,パン・ド・ミ,チョコ,パン
パン・ド・ミ,パン・ド・ミ
もちもちパン・ド・ミ,もち,もち,パン・ド・ミ
ソフト食パン,ソフト,食パン
早焼き食パン,早,焼き,食パン
６０分パン,６,０,分,パン
ごはんパン,ごはん,パン
ごはんフランスパン,ごはん,フランス,パン
フランスパン,フランス,パン
ライ麦パン,ライ麦,パン
全粒粉パン,全粒粉,パン
ブリオッシュ,ブリオッシュ
マーブルパン,マーブル,パン
黄金とんから,黄金,とん
ジューシー鶏ももから揚げ,ジューシー,鶏,もも,揚げ
きのこの炊き込みごはん,きのこ,炊き込み,ごはん
プチッと塩焼きそば,プチッ,塩,焼きそば
中華風チャーハン,中華,風,チャーハン
メロンパン,メロン,パン
白パン風食パン,白,パン,風食,パン
ハーフ食パン,ハーフ,食パン
小麦入り米粉パン,小麦,入り,米,粉,パン
ジャーマンポテト風もちもちパン・ド・ミ,ジャーマンポテト,風,もち,もち,パン・ド・ミ
クリームチーズ・ブルーベリーもちもちパン・ド・ミ,クリームチーズ,ブルーベリー,もち,もち,パン・ド・ミ
きな粉・甘納豆　ふんわりパン・ド・ミ,きな粉,甘納豆,ふんわり,パン・ド・ミ
桜緑茶　ふんわりパン・ド・ミ,桜,緑茶,ふんわり,パン・ド・ミ
デニッシュ風食パン,デニッシュ,風食,パン
米粉・黒糖６０分パン,米,粉,黒糖,６,０,分,パン
紅茶オレンジ６０分パン,紅茶,オレンジ,６,０,分,パン
赤飯パン,赤飯,パン
雑穀カンパーニュ風ごはんフランスパン,雑穀,カンパーニュ,風,ごはん,フランス,パン
パプリカ＆トマトごはんフランスパン,パプリカ,トマト,ごはん,フランス,パン
全粒粉ベーコン＆チーズ＆オリーブ,全粒粉,ベーコン,チーズ,オリーブ
黒豆＆栗入り抹茶ブリオッシュ,黒豆,栗,入り,抹茶,ブリオッシュ
パネトーネ風,パネトーネ,風
抹茶マーブルパン,抹茶,マーブル,パン
黒ごまマーブルパン,黒,ごま,マーブル,パン
シナモンロール,シナモン,ロール
あんパン,あん,パン
抹茶黒豆ロール,抹茶,黒豆,ロール
お楽しみちぎりパン,楽しみ,ちぎり,パン
クロワッサン,クロワッサン
バターロール,バター,ロール
ヨーグルトパン,ヨーグルト,パン
ベーグル,ベーグル
ピザ,ピザ
フォカッチャ,フォカッチャ
Sweetオムレツサンド,Sweet,オムレツ,サンド
カリカリチキンのウォールナッツサンド,カリカリチキン,ウォールナッツサンド
プレート風ミニミニハンバーグサンド,プレート,風,ミニミニハンバーグサンド
ヘルシー！がんもサンドイッチ,ヘルシー,がん,サンドイッチ
ティラミス風サンドイッチ,ティラミス,風,サンドイッチ
チーズカツごちそうサンド,チーズ,カツ,ごちそう,サンド
しらすとトマトのオムレツサンド,しらす,トマト,オムレツ,サンド
"胡麻パンのオープンサンド「ひらけ〜ごま」 <br/>「Sesame,",胡麻,パン,オープン,サンド,ひらけ,〜,ごま,<,br,/>「,Sesame
スモークサーモンのオープンサンド-2種,スモークサーモン,オープン,サンド,-,2,種
フルーツたっぷりバニラサンド,フルーツ,たっぷり,バニラ,サンド
色々な成形パンアレンジ</br>（生地の一例）,色々,成形,パン,アレンジ,</,br,>（,生地,一,例
色々な食パンアレンジ</br>（レシピの一例）,色々,食パン,アレンジ,</,br,>（,レシピ,一,例
オニオングラタンスープ,オニオングラタンスープ
平目と帆立貝のシャンパーニュ蒸し,平目,帆立貝,シャンパーニュ,蒸し
牛フィレ肉フォワ・グラ詰めパイ包み焼き</br>プリンスアルベール,牛,フィレ,肉,フォワ・グラ,詰め,パイ,包み,焼き,</,br,>,プリンス,アルベール
クロネコのチョコバナナサンド,クロ,ネコ,チョコバナナサンド
ねずみのバターロールたまごサンド,ねずみ,バターロール,たま,サンド
かめの小豆とみかんの和風サンド,かめ,小豆,みかん,和風,サンド
簡単オープンサンドイッチ：うさぎ,簡単,オープン,サンドイッチ,うさぎ
鶏の照り焼き＆<br/>ポテトサラダ,鶏,照り,焼き,＆<,br,/>,ポテト,サラダ
塩さば＆<br/>なすのピリ辛あえ,塩,さば,＆<,br,/>,なす,ピリ,辛
さけのマヨ焼き＆<br/>ペペロンチーノ風,さけ,マヨ,焼き,＆<,br,/>,ペペロンチーノ,風
ぶりステーキ＆<br/>青菜のミルク煮,ぶり,ステーキ,＆<,br,/>,青菜,ミルク,煮
ハンバーグ＆<br/>きのこソース,ハンバーグ,＆<,br,/>,きのこ,ソース
メンチカツ＆<br/>野菜デミグラスソース,メンチ,カツ,＆<,br,/>,野菜,デミグラスソース
さけチャーハン＆<br/>わかめスープ,さけ,チャーハン,＆<,br,/>,わかめ,スープ
焼きもち＆<br/>みそ雑煮,焼きもち,＆<,br,/>,みそ,雑煮
焼きもち＆<br/>お汁粉,焼きもち,＆<,br,/>,汁粉
魚のパン粉焼き＆<br/>ペンネ,魚,パン粉,焼き,＆<,br,/>,ペンネ
豚の蒸し焼き＆</br>五目おこわ,豚,蒸し焼き,＆</,br,>,五,目,おこわ
野菜のうま煮,野菜,うま煮
冷凍和風ミックス<br/>野菜の煮物,冷凍,和風,ミックス,<,br,/>,野菜,煮物
ヘルシーぎょうざ,ヘルシー,ざ
たいの中華蒸し,たい,中華,蒸し
バジル風味のスペアリブ,バジル,風味,スペアリブ
肉だんごの<br/>野菜あんかけ,肉,ん,<,br,/>,野菜,あん
さわらの漬焼きサラダ,さ,わら,漬,焼き,サラダ
バーニャカウダ風<br/>ソース,バーニャカウダ,風,<,br,/>,ソース
なすとオリーブの<br/>ペースト,なす,オリーブ,<,br,/>,ペースト
コーンとハムのドリア,コーン,ハム,ドリア
ラザーニア,ラザーニア
白ねぎのピリ辛巻き,白,ねぎ,ピリ,辛,巻き
長いもの梅しそ巻き,長い,もの,梅,しそ,巻き
ぶりのカレー焼き,ぶり,カレー,焼き
白ねぎのピリ辛巻き（冷凍）,白,ねぎ,ピリ,辛,巻き,冷凍
長いもの梅しそ巻き（冷凍）,長い,もの,梅,しそ,巻き,冷凍
ぶりのカレー焼き（冷凍）,ぶり,カレー,焼き,冷凍
いわしのロールフライ,いわし,ロールフライ
えのきの梅肉あえ,のき,梅,肉
オニオングラタンスープ,オニオングラタンスープ
きのこサラダ,きのこ,サラダ
パエリア風ライス,パ,エリア,風,ライス
パンプキンパイ,パンプキン,パイ
コーヒープディング,コーヒー,プディング
オクラとなすの<br/>焼きペンネ,オクラ,なす,<,br,/>,焼き,ペンネ
パスタをゆでる,パスタ,ゆでる
黄金和風ぶりの照り焼き,黄金,和風,ぶり,照り,焼き
黄金和風ガパオライス,黄金,和風,ガパオライス
スコップコロッケ,スコップ,コロッケ
ラムの香草パン粉焼き,ラム,香,草,パン粉,焼き
釜玉風うどん,釜,玉,風,うどん
黄金肉巻むすび,黄金,肉,巻,むすび
黄金チャプチェ,黄金,チャプチェ
ビビンバ,ビビンバ
BIGハンバーグ,BIG,ハンバーグ
茶碗蒸し,茶碗蒸し
プチッとしゅうまい,プチッ,しゅう
プチプチごまチーズのせから揚げ,プチプチ,ごま,チーズ,せ,揚げ
かぼちゃライスプレート,かぼちゃ,ライス,プレート
明太マヨから揚げ串,明太,マヨ,揚げ,串
エビ寄せフライのおばけ　アボカドディップ添え,エビ,寄せ,フライ,おばけ,アボカドディップ,添え
オニオン柚子胡椒から揚げ,オニオン,柚子,胡椒,揚げ
ギョーザ丼　にんにくスタミナだれ,ギョーザ,丼,にんにく,スタミナ,だれ
蒸しブロッコリー<br/>(蒸し野菜、蒸しえびなど),蒸し,ブロッコリー,<,br,/>(,蒸し,野菜,蒸し,えび,)
１０分しゅうまい,１,０,分,しゅう
洋風お好み焼き,洋風,お好み焼き
魚のチーズ焼き＆<br/>ラタトゥイユ,魚,チーズ,焼き,＆<,br,/>,ラタトゥイユ
ピーマン肉詰め＆<br/>野菜ソース,ピーマン,肉,詰め,＆<,br,/>,野菜,ソース
ライスコロッケ＆<br/>きのこソース,ライス,コロッケ,＆<,br,/>,きのこ,ソース
高菜チャーハン＆<br/>かぶのスープ,高菜,チャーハン,＆<,br,/>,かぶ,スープ
鶏のから揚げ＆<br/>なすの辛味煮込み,鶏,の,揚げ,＆<,br,/>,なす,辛味,煮込み
スパイシー揚げ＆<br/>さといも中華あえ,スパイシー,揚げ,＆<,br,/>,さとい,中華
ひき肉の蒸し物,ひき肉,蒸し物
一尾魚のトウチ蒸し,一尾,魚,トウチ,蒸し
スペアリブ,スペアリブ
かきフライ,かき,フライ
ミルフィーユとんかつ,ミルフィーユ,とん
中華炒め煮,中華,炒め,煮
かぼちゃのサラダ,かぼちゃ,サラダ
うなぎのかば焼きをパリッと,うなぎ,かば焼き,パリッ
干ししいたけを戻す,しいたけ,戻す
あさりの酒蒸し,あさり,酒,蒸し
冷凍ぎょうざ,冷凍,ざ
づけまぐろとアボカドの<br/>どんぶり,づけ,まぐろ,アボカド,<,br,/>,どんぶり
鯛の京風葛あんかけごはん,鯛,京,風,葛,あん,かけ,ごはん
手巻きずし,手,巻きずし
いなりずし,いなりずし
五目ごはん,五目,ごはん
まつたけごはん,まつ,たけ,ごはん
栗おこわ,栗,おこわ
山菜おこわ,山菜,おこわ
赤飯,赤飯
三色おはぎ,三,色,はぎ
生ゆば入り　かに雑炊,ゆ,ば,入り,かに,雑炊
茶がゆ,茶,ゆ
大豆とひじきの混ぜごはん,大豆,ひじき,混ぜ,ごはん
玄米小豆がゆ,玄米,小豆,ゆ
玄米入り魚介と野菜の<br/>トマトスープ,玄米,入り,魚介,野菜,<,br,/>,トマト,スープ
ライスバーガー,ライス,バーガー
雑穀米サラダ,雑穀,米,サラダ
甘えびの麦とろ丼,甘,えびの,麦,ろ,丼
梅としらすの混ぜごはん,梅,しらす,混ぜ,ごはん
牛肉と枝豆の混ぜごはん,牛肉,枝豆,混ぜ,ごはん
うなぎときゅうりの混ぜごはん,うなぎ,きゅうり,混ぜ,ごはん
肉みそ焼きおにぎり,肉,みそ,焼き,おにぎり
鶏飯　＜奄美＞,鶏,飯,奄美
冷汁　＜宮崎＞,冷,汁,宮崎
ゆず香る牡蠣めし　＜三陸＞,ゆず,香る,牡蠣,めし,三陸
洋風いかめし　＜北国＞,洋風,いかめし,北国
深川めし　＜江戸＞,深川,めし,江戸
北の大地恵みごはん,北,大地,恵み,ごはん
欧風チキンライス,欧風,チキンライス
クファージューシー　＜沖縄＞,クファージューシー,沖縄
【札幌】<br/>北のパエリアラベンダー風味,札幌,】<,br,/>,北,パエリアラベンダー,風味
【仙台】<br/>森林鶏としいたけの<br/>炊込みごはん,仙台,】<,br,/>,森林,鶏,しいたけ,<,br,/>,炊,込み,ごはん
【東京・洋食】<br/>炊込みシーフードピラフ,東京,洋食,】<,br,/>,炊,込み,シーフード,ピラフ
【東京・中華】<br/>やわらか蒸し鶏<br/>ごはんアジアンソース,東京,中華,】<,br,/>,わら,蒸し,鶏,<,br,/>,ごはん,アジアン,ソース
【東京・中華】<br/>焼き豚の炊込みチャーハン,東京,中華,】<,br,/>,焼き豚,炊,込み,チャーハン
【名古屋】<br/>蟹飯団子,名古屋,】<,br,/>,蟹,飯,団子
【大阪】<br/>河内鴨と碓井えんどうのピラフ,大阪,】<,br,/>,河内,鴨,碓井,えん,どう,ピラフ
【広島】<br/>アサリと穴子の瀬戸内パエリア,広島,】<,br,/>,アサリ,穴子,瀬戸内,パ,エリア
【福岡】<br/>みつせ鶏と海鮮のパエリア,福岡,】<,br,/>,みつ,せ,鶏,海鮮,パ,エリア
サルヴァトーレ クオモの<br/>４種のキノコのリゾット,サルヴァトーレ,クオモ,<,br,/>,４,種,キノコ,リゾット
３種のクリスマスカップ寿司,３,種,クリスマス,カップ,寿司
さっぱりみぞれたいめし,さっ,ぱりみぞれたいめし
さくらえびと銀杏のおこわ,さくら,えび,銀杏,おこわ
チキンのクリームピラフ,チキン,クリーム,ピラフ
イカスミのシーフードパエリア,イカ,スミ,シーフードパエリア
モチモチいかめし,モチ,モチ,いかめし
玄米のハーブライスサラダ,玄米,ハーブライスサラダ
玄米のまるごとたまねぎドリア,玄米,まるごと,たまねぎ,ドリア
かにと青のりの中華粥,かに,青のり,中華,粥
ひじきを戻す,ひじき,戻す
切干大根を戻す,切干,大根,戻す
タンドリーチキン,タンドリーチキン
かにと生クリームのふんわりテリーヌ,かに,生クリーム,ふんわり,テリーヌ
茹でナスのジュレあんかけ,茹で,ナス,ジュレ,あん
数の子と彩り野菜のコンソメジュレ,数の子,彩り,野菜,コンソメジュレ
ホタテとサーモンとキウイのテリーヌ,ホタテ,サーモン,キウイ,テリーヌ
ローストビーフ,ロースト,ビーフ
マグロのカルパッチョ,マグロ,カルパッチョ
シーフードマリネ,シーフードマリネ
ミニトマトのハニーレモンシャーベット,ミニ,トマト,ハニーレモンシャーベット
えびと枝豆のバゲットファルシ,えび,枝豆,バゲットファルシ
カツオたたきのカルパッチョ,カツオ,たたき,カルパッチョ
シャリシャリトマトとアンチョビの冷製パスタ,シャリシャリトマト,アンチョビ,冷,製,パスタ
数の子と枝豆の白だしジュレ,数の子,枝豆,白,ジュレ
冷しゃぶサラダ,冷し,ゃぶ,サラダ
冷んやりベリーソースのペッパーステーキ,冷,やり,ベリー,ソース,ペッパーステーキ
鯛の和風カルパッチョ,鯛,和風,カルパッチョ
マグロの漬け丼,マグロ,漬け,丼
ブリの粕漬け,ブリ,粕漬け
さんまの南蛮漬け,さんま,南蛮,漬け
鯛とサーモンの押し寿司,鯛,サーモン,押し,寿司
そばめし,そばめ
たらこと玉ねぎの甘酢がけ,こと,玉ねぎ,甘酢
えのきだけの味噌漬け,のき,味噌,漬け
塩麹鶏のチーズロール,塩,麹,鶏,チーズ,ロール
ベリーソースのフライドカマンベール,ベリー,ソース,フライドカマンベール
キャベツの即席漬け,キャベツ,即席,漬け
ナスとナッツのピリ辛和え,ナス,ナッツ,ピリ,辛,和え
季節野菜のピクルス,季節,野菜,ピクルス
鶏の艶照り焼き,鶏,艶,照り,焼き
天ぷら盛り合わせ,天ぷら,盛り合わせ
豚の角煮,豚,角,煮
いわしのみりん干し,いわし,りん,干し
鯛茶漬け,鯛,茶漬け
揚げナスの南蛮漬け,揚げ,ナス,南蛮,漬け
鯛のしゃぶしゃぶ,鯛,しゃぶしゃぶ
鶏ハムのバゲット,鶏,ハム,バゲット
豚ロースの味噌漬け,豚,ロース,味噌,漬け
キウイの黒糖シャーベット,キウイ,黒糖,シャーベット
黒蜜の豆乳プリン,黒,蜜,豆乳,プリン
梅酒ゼリー,梅酒,ゼリー
シャリシャリフルーツヨーグルト,シャリシャリフルーツヨーグルト
フルーツシャーベット,フルーツ,シャーベット
生チョコ,チョコ
スパイスクッキー,スパイス,クッキー
フルーツポンチ,フルーツポンチ
冷んやりバナナとパリパリチョコのトースト,冷,やり,バナナ,パリパリ,チョコ,トースト
黒糖の水羊羹,黒糖,水,羊羹
ミルクチョコレートゼリー,ミルクチョコレートゼリー
ホワイトチョコとクリームチーズのトリュフ,ホワイト,チョコ,クリームチーズ,トリュフ
うずまきクッキー,うずまき,クッキー
シトラスアイスティー,シトラスアイスティー
サングリア,サングリア
かんたん焼きとり,かん,ん,焼きとり
あじのカレー風味<br/>＆雪鍋,あじ,カレー,風味,<,br,/>＆,雪,鍋
さつまいもと<br/>鶏肉のうま煮,さつまいも,<,br,/>,鶏肉,うま煮
イタリアンぎょうざ,イタリアン,ざ
チキンロール,チキン,ロール
チキンロール<br/>（めんたいこ）,チキンロール,<,br,/>（,めん,たいこ
豚ヒレ肉のきのこ添え,豚,ヒレ,肉,きのこ,添え
豚ヒレ肉のきのこ添え<br/>（冷凍）,豚,ヒレ,肉,きのこ,添え,<,br,/>（,冷凍
野菜炒め,野菜,炒め
具だくさんスープ,具,くさん,スープ
キャベツの<br/>さっぱりサラダ,キャベツ,<,br,/>,さっぱり,サラダ
ショコラオレンジケーキ,ショコラオレンジケーキ
牛肉ロールのグリル,牛肉,ロール,グリル
ハーブチキン<br/>スペアリブ,ハーブ,チキン,<,br,/>,スペアリブ
豚ときのこの<br/>オイスター炒め丼,豚,とき,<,br,/>,オイスター,炒め,丼
豚の角煮,豚,角,煮
うぐいすもち,うぐいす,もち
とろけるパン・ド・ミ,とろける,パン・ド・ミ
クイックスイート食パン,クイックスイート,食パン
くるみ・レーズン入りライ麦パン,くるみ,レーズン,入り,ライ麦,パン
マロン＆ナッツ全粒粉パン,マロン,ナッツ,全粒粉,パン
天然酵母食パン,天然,酵母,食パン
紅茶の茶葉グルテンフリーケーキ,紅茶,茶,葉,グルテンフリーケーキ
ミルクジャム,ミルク,ジャム
りんごのコンポート,りんご,コンポート
カイザーゼンメル,カイザーゼンメル
プルーンとくるみのパン,プルーン,くるみ,パン
にんじんジュースパン,にんじん,ジュー,スパン
クレームダンジュ風,クレームダンジュ,風
塩パン,塩,パン
塩昆布ごはんパン,塩,昆布,ごはん,パン
ガーリックライスパン,ガーリックライスパン
ケーク・サレ風　クイックブレッド,ケーク・サレ,風,クイックブレッド
ドイツ風ソーセージロール,ドイツ,風,ソーセージ,ロール
オニオンツナチーズ,オニオンツナチーズ
じゃがバタチーズパン,バタチーズパン
ピタパン,ピタパン
バゲット風,バゲット,風
ハードロール （ガーリック風味）,ハー,ドロール,ガーリック,風味
ベーコンエピ,ベーコンエピ
レトロバゲット,レトロバゲット
カルツォーネ,カルツォーネ
もち,もち
うどん,うどん
パスタ,パスタ
クリスピーピザ,クリスピーピザ
米粉パン（小麦なし）,米,粉,パン,小麦,なし
グルテンフリーケーキ,グルテンフリーケーキ
ジャコわかめ米粉パン,ジャコ,わかめ,米,粉,パン
バナナ グルテンフリーケーキ,バナナ,グルテンフリーケーキ
チョコケーキ,チョコ,ケーキ
グラノーラ,グラノーラ
ムース・オ・ショコラ,ムース・オ・ショコラ
りんごジャム,りん,ジャム
生チョコ,チョコ
あん,あん
ナン,ナン
あんまん,あんま
あんまん生地,あんま,生地
自家製 冷凍卵焼き,自家製,冷凍,卵焼き
れんこん味噌バーグ,れん,こん,味噌,バーグ
塩唐揚げ,塩,唐,揚げ
自家製冷凍 明太子パスタ,自家製,冷凍,明太子,パスタ
自家製冷凍 明太子ワンボウルパスタ,自家製,冷凍,明太子,ワンボウルパスタ
味付けたまご,味付け
豚汁,豚汁
スペルト小麦のバゲット,スペルト,小麦,バゲット
スペルト・ノア・レザン,スペルト・ノア・レザン
鶏ハム,鶏,ハム
ごちそうコロッケ,ごちそう,コロッケ
レアチーズケーキ・フレッシュいちごソース,レアチーズケーキ・フレッシュ,いちご,ソース
バーニャカウダソース,バーニャカウダソース
ゴロゴロ野菜のポークビーンズ,ゴロゴロ,野菜,ポークビーンズ
鶏の照り焼き＆<br/>かぼちゃの煮物,鶏,照り,焼き,＆<,br,/>,かぼちゃ,煮物
しいたけ肉詰め＆<br/>和風カレースープ,しいたけ,肉,詰め,＆<,br,/>,和風,カレー,スープ
つくねだんご＆<br/>野菜スープ,つくね,ん,＆<,br,/>,野菜,スープ
さけと厚あげ焼き<br/>＆野菜あん,さけ,厚,あげ,焼き,<,br,/>＆,野菜,あん
塩さば＆五色きんぴら,塩,さば,五色,きん,ぴら
肉だんご＆甘酢あん,肉,ん,甘酢,あん
おからハンバーグ<br/>＆野菜ソース,おから,ハンバーグ,<,br,/>＆,野菜,ソース
焼きおにぎり＆豚汁,焼き,おにぎり,豚汁
焼き豚チャーハン<br/>＆もやしスープ,焼き豚,チャーハン,<,br,/>＆,もやし,スープ
鶏のから揚げ＆<br/>八宝菜風煮物,鶏,の,揚げ,＆<,br,/>,八,宝,菜,風,煮物
鶏のから揚げ＆<br/>白菜とあげの煮物,鶏,の,揚げ,＆<,br,/>,白菜,あげ,煮物
焼きもち＆<br/>すまし雑煮,焼きもち,＆<,br,/>,す,雑煮
焼きもち＆<br/>ぜんざい,焼きもち,＆<,br,/>,ぜんざい
鶏のマヨ焼き＆<br/>あさりのボンゴレ,鶏,マヨ,焼き,＆<,br,/>,あさり,ボンゴレ
野菜のチーズ焼き<br/>＆マカロニ,野菜,チーズ,焼き,<,br,/>＆,マカロニ
たいの塩焼き＆<br/>赤飯,たい,塩焼き,＆<,br,/>,赤飯
ちゃんちゃん焼き<br/>＆山菜おこわ,ちゃんちゃん,焼き,<,br,/>＆,山菜,おこわ
青菜の煮物,青菜,煮物
野菜バター煮,野菜,バター,煮
かぼちゃの煮物,かぼちゃ,煮物
きんぴら,きん,ぴら
野菜のカレー煮,野菜,カレー,煮
じゃがいもと<br/>ベーコンの煮物,じゃがいも,<,br,/>,ベーコン,煮物
大根とツナの煮物,大根,ツナ,煮物
れんこんの煮物,れん,こん,煮物
ビーフカレー,ビーフカレー
いわしのしょうが煮,いわし,しょうが,煮
かれいの煮付け,かれい,煮付け
五目豆,五目,豆
黒豆,黒豆
茶わん蒸し,茶わん,蒸し
温泉卵,温泉,卵
ゆで卵,ゆで,卵
チルドぎょうざ,チルド,ざ
小籠包<br/>（ショウロンポウ）,小籠,包,<,br,/>（,ショウロンポウ
肉まん（手作り）,肉まん,手作り
手作りしゅうまい,手作り,しゅう
豆腐しゅうまい,豆腐,しゅう
一尾魚の蒸し物,一尾,魚,蒸し物
アクアパッツア,アクアパッツア
さけとあさりの<br/>ハーブ蒸し,さけ,あさり,<,br,/>,ハーブ,蒸し
焼き豚,焼き豚
鶏の塩焼き,鶏,塩焼き
焼きとり,焼きとり
ローストチキン,ロースト,チキン
ローストビーフ,ロースト,ビーフ
さんまの塩焼き,さんま,塩焼き
ほっけの開き,ほっ,開き
たいの姿焼き,たい,姿,焼き
さけとしめじの<br/>ホイル焼き,さけ,しめじ,<,br,/>,ホイル,焼き
焼きなす,焼き,なす
マカロニグラタン,マカロニ,グラタン
じゃがいものグラタン,じゃがいも,グラタン
ホワイトソース,ホワイト,ソース
ハンバーグ,ハンバーグ
おから入りハンバーグ,おから,入り,ハンバーグ
野菜ハンバーグ,野菜,ハンバーグ
小松菜入り<br/>鶏ハンバーグ,小松菜,入り,<,br,/>,鶏,ハンバーグ
鶏の照り焼き,鶏,照り,焼き
鶏の黒酢照り焼き,鶏,黒,酢,照り,焼き
鶏のレモン風味照り焼き,鶏,レモン,風味,照り,焼き
鶏のゆずこしょう焼き,鶏,ゆず,こしょう,焼き
手羽元の香味焼き,手羽,元,香味,焼き
手羽元の甘辛焼き,手羽,元,甘辛,焼き
手羽元のカレー焼き,手羽,元,カレー,焼き
肉巻き野菜,肉,巻き,野菜
もちめんたい巻き,もち,めん,たい,巻き
ウィンナー野菜巻き,ウィンナー,野菜,巻き
しいたけの肉詰め,しいたけ,肉,詰め
ピーマンの肉詰め,ピーマン,肉,詰め
手羽元の彩り野菜添え,手羽,元,彩り,野菜,添え
あじの開き,あじ,開き
塩さば,塩,さば
さばのこしょう焼き,さば,こしょう,焼き
さばの酢じょうゆ焼き,さば,酢,じょうゆ,焼き
さばの梅風味焼き,さば,梅,風味,焼き
塩ざけ,塩,ざけ
さけの香草焼き,さけ,香,草,焼き
さけの照り焼き,さけ,照り,焼き
さけのチーズソテー,さけ,チーズ,ソテー
ぶりの照り焼き,ぶり,照り,焼き
さわらの漬焼き,さ,わら,漬,焼き
さわらの中華焼き,さ,わら,中華,焼き
さわらのごま酢焼き,さ,わら,ごま,酢,焼き
さわらのめんたいマヨ焼き,さわら,のめん,マヨ,焼き
焼き野菜,焼き,野菜
和風焼き野菜,和風,焼き,野菜
マリネ風焼き野菜,マリネ,風,焼き,野菜
ハンバーグ（冷凍）,ハンバーグ,冷凍
おから入りハンバーグ<br/>（冷凍）,おから,入り,ハンバーグ,<,br,/>（,冷凍
野菜ハンバーグ（冷凍）,野菜,ハンバーグ,冷凍
小松菜入り<br/>鶏ハンバーグ（冷凍）,小松菜,入り,<,br,/>,鶏,ハンバーグ,冷凍
鶏の照り焼き（冷凍）,鶏,照り,焼き,冷凍
鶏の黒酢照り焼き（冷凍）,鶏,黒,酢,照り,焼き,冷凍
鶏のレモン風味<br/>照り焼き（冷凍）,鶏,レモン,風味,<,br,/>,照り,焼き,冷凍
鶏のゆずこしょう焼き<br/>（冷凍）,鶏,ゆず,こしょう,焼き,<,br,/>（,冷凍
手羽元の香味焼き（冷凍）,手羽,元,香味,焼き,冷凍
手羽元の甘辛焼き（冷凍）,手羽,元,甘辛,焼き,冷凍
手羽元のカレー焼き（冷凍）,手羽,元,カレー,焼き,冷凍
肉巻き野菜（冷凍）,肉,巻き,野菜,冷凍
もちめんたい巻き（冷凍）,もち,めん,たい,巻き,冷凍
ウィンナー<br/>野菜巻き（冷凍）,ウィンナー,<,br,/>,野菜,巻き,冷凍
しいたけの肉詰め（冷凍）,しいたけ,肉,詰め,冷凍
ピーマンの肉詰め（冷凍）,ピーマン,肉,詰め,冷凍
手羽元の彩り野菜添え<br/>（冷凍）,手羽,元,彩り,野菜,添え,<,br,/>（,冷凍
あじの開き（冷凍）,あじ,開き,冷凍
塩さば（冷凍）,塩,さば,冷凍
さばのこしょう焼き<br/>（冷凍）,さば,こしょう,焼き,<,br,/>（,冷凍
さばの酢じょうゆ焼き<br/>（冷凍）,さば,酢,じょうゆ,焼き,<,br,/>（,冷凍
さばの梅風味焼き（冷凍）,さば,梅,風味,焼き,冷凍
塩ざけ（冷凍）,塩,ざけ,冷凍
さけの香草焼き（冷凍）,さけ,香,草,焼き,冷凍
さけの照り焼き（冷凍）,さけ,照り,焼き,冷凍
さけのチーズソテー（冷凍）,さけ,チーズ,ソテー,冷凍
ぶりの照り焼き（冷凍）,ぶり,照り,焼き,冷凍
さわらの漬焼き（冷凍）,さ,わら,漬,焼き,冷凍
さわらの中華焼き（冷凍）,さ,わら,中華,焼き,冷凍
さわらのごま酢焼き（冷凍）,さ,わら,ごま,酢,焼き,冷凍
さわらのめんたいマヨ焼き（冷凍）,さわら,のめん,マヨ,焼き,冷凍
焼き野菜（冷凍）,焼き,野菜,冷凍
和風焼き野菜（冷凍）,和風,焼き,野菜,冷凍
マリネ風焼き野菜（冷凍）,マリネ,風,焼き,野菜,冷凍
豚キムチの春巻き,豚,キムチ,春巻き
鶏とらっきょうの<br/>春巻き,鶏,らっきょう,<,br,/>,春巻き
鶏のから揚げ,鶏,の,揚げ
鶏のかんたんから揚げ,鶏,かん,ん,揚げ
鶏のごま風味から揚げ,鶏,ごま,風味,揚げ
いわしのフライ,いわし,フライ
えびフライ,えび,フライ
とんかつ,とん
串かつ,串かつ
豚キムチの春巻き（冷凍）,豚,キムチ,春巻き,冷凍
牛肉の春巻き（冷凍）,牛肉,春巻き,冷凍
鶏とらっきょうの<br/>春巻き（冷凍）,鶏,らっきょう,<,br,/>,春巻き,冷凍
鶏のから揚げ（冷凍）,鶏,の,揚げ,冷凍
鶏のかんたんから揚げ（冷凍）,鶏,かん,ん,揚げ,冷凍
鶏のごま風味から揚げ<br/>（冷凍）,鶏,ごま,風味,揚げ,<,br,/>（,冷凍
スナックピザ,スナック,ピザ
かんたんフォカッチャ,かん,ん,フォカッチャ
肉じゃが,肉じゃが
さんまのコンフィ,さんま,コンフィ
クマさん<br/>ハンバーグ,クマ,さん,<,br,/>,ハンバーグ
鶏肉のコンフィ,鶏肉,コンフィ
鶏肉のコンフィの<br/>ソテー,鶏肉,コンフィ,<,br,/>,ソテー
さんまのコンフィ<br/>カラフルパスタ,さんま,コンフィ,<,br,/>,カラフル,パスタ
豚肉のコンフィ,豚肉,コンフィ
豚肉のコンフィの<br/>サンドウィッチ,豚肉,コンフィ,<,br,/>,サンドウィッチ
牛肉の春巻き,牛肉,春巻き
枝豆,枝豆
なすのピリ辛あえ,なす,ピリ,辛
さやいんげんの<br/>ごまみそあえ,さ,やい,げん,<,br,/>,ごま,みそ
手作り焼きおにぎり,手作り,焼き,おにぎり
チーズ入り<br/>焼きおにぎり,チーズ,入り,<,br,/>,焼き,おにぎり
なめたけの<br/>焼きおにぎり,なめ,<,br,/>,焼き,おにぎり
モッチーズ,モッチーズ
チキンライス,チキンライス
白ごはん,白,ごはん
赤飯,赤飯
ソース焼きそば,ソース,焼きそば
手作り焼きおにぎり（冷凍）,手作り,焼き,おにぎり,冷凍
チーズ入り<br/>焼きおにぎり（冷凍）,チーズ,入り,<,br,/>,焼き,おにぎり,冷凍
なめたけの<br/>焼きおにぎり（冷凍）,なめ,<,br,/>,焼き,おにぎり,冷凍
モッチーズ（冷凍）,モッチーズ,冷凍
チョコレートケーキ,チョコレート,ケーキ
いちごのショートケーキ,いちご,ショートケーキ
フルーツケーキ,フルーツ,ケーキ
チーズケーキ,チーズ,ケーキ
シフォンケーキ,シフォン,ケーキ
ロールケーキ,ロールケーキ
抹茶ロールケーキ,抹茶,ロールケーキ
ココアロールケーキ,ココアロールケーキ
マドレーヌ,マドレーヌ
カステラ,カステラ
抹茶カステラ,抹茶,カステラ
ゆずカステラ,ゆず,カステラ
シュークリーム,シュークリーム
レンジで作るシュー,レンジ,作る,シュー
エクレア,エクレア
スイートポテト,スイートポテト
クッキー,クッキー
アメリカンクッキー,アメリカン,クッキー
アップルパイ,アップルパイ
カスタードプディング,カスタード,プディング
焼きいも,焼きいも
ふかしいも,ふかし,いも
蒸しプリン,蒸し,プリン
わらびもち,わらび,もち
いちご大福,いちご,大福
いちごジャム,いちご,ジャム
りんごの甘煮,りんご,甘煮
カスタードクリーム,カスタード,クリーム
手作りピザ<br/>（ソフト生地）,手作り,ピザ,<,br,/>（,ソフト,生地
トマトソース,トマト,ソース
クリスピーピザ,クリスピーピザ
マスタードピザ,マスタード,ピザ
フランスパン<br/>（バゲット）,フランス,パン,<,br,/>（,バゲット
ごまごまフランスパン,ごま,ごま,フランス,パン
くるみのブール,くるみ,ブール
チーズプチパン,チーズプチパン
山形食パン,山形,食パン
紅茶の食パン,紅茶,食パン
クランベリーの食パン,クランベリー,食パン
バターロール,バター,ロール
カレーチーズパン,カレーチーズパン
トースト,トースト
フランスパン<br/>（ブール）,フランス,パン,<,br,/>（,ブール
フランスパン<br/>（プチパン）,フランス,パン,<,br,/>（,プチパン
冷凍トースト,冷凍,トースト
豆腐を水切りする,豆腐,水切り,する
にんにくの臭みを抜く,にんにく,臭み,抜く
アイスクリームを<br/>柔らかく,アイスクリーム,<,br,/>,柔らかく
チョコレートを溶かす,チョコレート,溶かす
50℃のお湯に沸かす,50,℃,お湯,沸かす
めんつゆを作る,めん,つゆ,作る
鶏の酒蒸し,鶏,酒,蒸し
キャベツと<br/>きのこのサラダ,キャベツ,<,br,/>,きのこ,サラダ
かぼちゃのマヨあえ,かぼちゃ,マヨ
ポテトサラダ,ポテト,サラダ
漁師の具だくさんスープ,漁師,具,くさん,スープ
えびと蒸し野菜の<br/>サルサソース,えび,蒸し,野菜,<,br,/>,サルサ,ソース
えびだんごと長いもの煮物,びだんごと,長い,もの,煮物
あじと枝豆の焼き寿司,あじ,枝豆,焼き,寿司
スパニッシュ・オムレツ,スパニッシュ・オムレツ
なすとハムの<br/>重ね焼きグラタン,なす,ハム,<,br,/>,重ね,焼き,グラタン
豚肉の野菜巻き,豚肉,野菜,巻き
たらとポテトの<br/>クリームグラタン,たら,ポテト,<,br,/>,クリーム,グラタン
いわしとトマトの重ね焼き,いわし,トマト,重ね,焼き
クリスピーロールカツ,クリスピーロールカツ
野菜とコンビーフの<br/>チーズ煮,野菜,コンビーフ,<,br,/>,チーズ,煮
なすと豚肉の重ね焼き,なす,豚肉,重ね,焼き
豚とりんごのレモン焼き,豚,りんご,レモン,焼き
サクサク<br/>かぼちゃコロッケ,サクサク,<,br,/>,かぼちゃ,コロッケ
クイック・<br/>ローストビーフ,クイック,<,br,/>,ロースト,ビーフ
白身魚のソテー<br/>野菜添え,白身,魚,ソテー,<,br,/>,野菜,添え
ラタトゥイユ,ラタトゥイユ
魚介の蒸しサラダ,魚介,蒸し,サラダ
えびの香草グリル,えび,香,草,グリル
チーズカツレツ,チーズ,カツレツ
バーニャカウダ風<br/>焼き野菜,バーニャカウダ,風,<,br,/>,焼き,野菜
こんがりミートローフ,こんがり,ミートローフ
サーモン・<br/>ライスコロッケ,サーモン,<,br,/>,ライス,コロッケ
豚肉と豆の<br/>スープ蒸し焼き,豚肉,豆,<,br,/>,スープ,蒸し焼き
なすのツナ入り<br/>ボートグラタン,なす,ツナ,入り,<,br,/>,ボート,グラタン
牛肉ときのこの<br/>オープンパイ,牛肉,とき,<,br,/>,オープン,パイ
アマトリチャーナ,アマトリチャーナ
ハムときのこの<br/>クリームパスタ,ハム,とき,<,br,/>,クリーム,パスタ
豆腐バーグ<br/>きのこあんかけ,豆腐,バーグ,<,br,/>,きのこ,あん
さけの紙包み蒸し<br/>ちゃんちゃん風,さけ,紙,包み,蒸し,<,br,/>,ちゃんちゃん,風
鶏と根菜のうま煮,鶏,根菜,うま煮
豚肉のみそ漬焼き,豚肉,みそ,漬,焼き
さけの<br/>なめたけあんかけ,さけ,<,br,/>,なめ,ん
豚と水菜の煮物,豚,水菜,煮物
なすの揚げ浸し,なす,揚げ,浸し
ふろふき大根,ふろ,ふき,大根
豚の酢じょうゆ炒め,豚,酢,じょうゆ,炒め
お月見つくね,月見,つく
ゴーヤチャンプル,ゴーヤチャンプル
ごまごまから揚げ,ごま,ごま,揚げ
デコ蒸しパン,デコ,蒸し,パン
クリスマスツリーピザ,クリスマスツリー,ピザ
ケーキポップ,ケーキ,ポップ
お絵かきクッキー,絵かき,クッキー
ニコニコおいもの<br/>やきプリン,ニコニコ,いも,<,br,/>,やき,プリン
牛肉とかぼちゃの<br/>スパイス煮,牛肉,かぼちゃ,<,br,/>,スパイス,煮
クイック・シュトーレン,クイック・シュトーレン
にんじんの<br/>リゾット風ごはん,にんじん,<,br,/>,リゾット,風,ごはん
セロリと鶏肉の<br/>洋風煮込み,セロリ,鶏肉,<,br,/>,洋風,煮込み
えび入りラヴィオリ,えび,入り,ラヴィオリ
もちを焼く,もち,焼く
アボカドグラタン,アボカド,グラタン
れんこんハンバーグ,れん,こん,ハンバーグ
えびと野菜の<br/>ペペロンチーノ,えび,野菜,<,br,/>,ペペロンチーノ
カルボナーラ,カルボナーラ
鶏と青菜の梅パスタ,鶏,青菜,梅,パスタ
ナポリタン,ナポリ,タン
えびとトマトの<br/>サラダパスタ,えび,トマト,<,br,/>,サラダ,パスタ
クリームシチュー,クリーム,シチュー
ハヤシライスソース,ハヤシライス,ソース
鶏のもも焼き,鶏,もも,焼き
フライドポテト,フライドポテト
さばのかんたんみそ煮,さば,かん,ん,みそ,煮
えびと野菜のマリネ,えび,野菜,マリネ
きゅうりの漬け物,きゅうり,漬け,物
鶏ハム,鶏,ハム
スチームトースト,スチーム,トースト
きのこの<br/>白みそパスタ,きのこ,<,br,/>,白みそ,パスタ
ほたてのXO醤炒め,ほた,XO,醤,炒め
かにとかぶの中華煮,かに,かぶ,中華,煮
麻婆なす,麻,婆,なす
豚肉の黒酢蒸し焼き,豚肉,黒,酢,蒸し焼き
パプリカのえびミンチ詰め,パプリカ,えび,ミンチ,詰め
えびのマヨネーズソース,えび,マヨネーズ,ソース
豚肉の黒こしょう焼き,豚肉,黒,こしょう,焼き
にらまんじゅう,にらま,じゅう
彩りしゅうまい,彩り,ゅうまい
牛肉とエリンギの<br/>こしょうぎょうざ,牛肉,エリンギ,<,br,/>,こし
ナシゴレン,ナシゴレン
インドネシア風串焼き,インドネシア,風,串焼き
蒸し焼きビビンバ,蒸し焼き,ビビンバ
ベトナム風焼き春巻き,ベトナム,風,焼き,春巻き
プルコギ,プルコギ
鶏の辛味炒め</br>(ダッカルビ),鶏,辛味,炒め,</,br,>(,ダッカ,ルビ,)
チャプチェ,チャプチェ
魚介とかぼちゃの<br/>クリーム蒸し,魚介,かぼちゃ,<,br,/>,クリーム,蒸し
にんじんラペのココット,にんじん,ラペ,ココット
きのこのとろーりチーズ蒸し,きのこ,とろ,ー,チーズ,蒸し
フレンチシナモントースト,フレンチシナモントースト
豆とひき肉のチリ風味丼,豆,ひき肉,チリ,風味,丼
うどんの焼きボナーラ,うどん,焼き,ボナーラ
エスニック蒸し焼きそば,エスニック,蒸し,焼きそば
和風ドライカレー,和風,ドライ,カレー
牛ロースのみそ炒め丼,牛,ロース,みそ,炒め,丼
ゆずこしょう<br/>そうめんチャンプル,ゆず,こしょう,<,br,/>,そう,めん,チャンプル
シーフードの香草パン粉焼き,シーフード,香,草,パン粉,焼き
ソーセージ,ソーセージ
たいと小松菜の蒸し物,たい,小松菜,蒸し物
春雨のピリ辛蒸し,春雨,ピリ,辛,蒸し
白菜と豚肉の重ね煮,白菜,豚肉,重ね,煮
鶏の西京焼き,鶏,西京,焼き
ふんわりお好み焼き,ふんわり,お好み焼き
きのことほたての<br/>わさび風味,きのこ,ほた,<,br,/>,わさび,風味
なすといかの<br/>しょうがソース,なす,いか,<,br,/>,しょ,ソース
スコーン・ケーキ,スコーン・ケーキ
なめらかプリン,なめらか,プリン
フルーツのおもちロール,フルーツ,もち,ロール
じゃがいもと<br/>牛肉のレモンバター煮,じゃがいも,<,br,/>,牛肉,レモン,バター,煮
セサミ・スティック,セサミ・スティック
ポテトブレッド,ポテトブレッド
りんごのスナックピザ,りんご,スナック,ピザ
キムチとアボカドのカツ,キムチ,アボカド,カツ
トマトのオイル蒸し,トマト,オイル,蒸し
豚肉のロールステーキ,豚肉,ロールステーキ
チキンナゲット,チキンナゲット
エッグスラット,エッグスラット
彩りチキン,彩り,チキン
蒸しいかだんご,蒸し,いかだ
さけ焼きうどん,さけ,焼きうどん
かんたん大根もち,かん,ん,大根,もち
さけのスパイシー照り焼き,さけ,スパイシー,照り,焼き
手羽先となすの南蛮漬け,手羽,先,なす,南蛮,漬け
ガーリックシュリンプ,ガーリックシュリンプ
アスパラの肉巻き,アスパラ,肉,巻き
鶏のたらこマヨネーズ焼き,鶏,たら,こ,マヨネーズ,焼き
いかとセロリの蒸し物,いか,セロリ,蒸し物
さけの塩こうじ蒸し,さけ,塩,こうじ,蒸し
かんたんバナナスコーン,かん,ん,バナナスコーン
パン耳フレンチトースト,パン,耳,フレンチ,トースト
黒豆もちもち,黒豆,もち,もち
いもまんじゅう,いも,まんじゅう
ドライフルーツ（りんご）,ドライ,フルーツ,りんご
ドライハーブ（パセリ）,ドライ,ハーブ,パセリ
サンラータン,サンラータン
手羽と野菜の中華煮,手羽,野菜,中華,煮
えび蒸しぎょうざ,えび,蒸し,ざ
シーフードの変わり揚げ,シーフード,変わり,揚げ
キーマカレー,キーマカレー
えびのアヒージョ,えび,アヒージョ
かぶの豚巻き蒸し,かぶ,豚,巻き,蒸し
ドライフルーツ（キウイ）,ドライ,フルーツ,キウイ
ドライフルーツ（バナナ）,ドライ,フルーツ,バナナ
ドライフルーツ（パイナップル）,ドライ,フルーツ,パイナップル
ドライフルーツ（プチトマト）,ドライ,フルーツ,プチトマト
ドライハーブ（青じそ）,ドライ,ハーブ,青じそ
ドライハーブ（セロリの葉）,ドライ,ハーブ,セロリ,葉
ドライハーブ（オレガノ）,ドライ,ハーブ,オレガノ
ドライハーブ（タイム）,ドライ,ハーブ,タイム
ドライハーブ（ローズマリー）,ドライ,ハーブ,ローズマリー
おかゆ（米から）,おかゆ,米
おかゆ（ごはんから）,おかゆ,ごはん
油淋鶏（ユーリンチー）,油,淋,鶏,ユーリンチー
タンドリーチキン,タンドリーチキン
ミートローフ,ミートローフ
カントリークッキー,カントリー,クッキー
アメリカンスコーン,アメリカンスコーン
カップチーズケーキ,カップチーズケーキ
アップルケーキ,アップル,ケーキ
ガトーショコラ,ガトーショコラ
スペアリブ（塩）,スペアリブ,塩
ポテトチーズおやき（離乳食：完了期１歳〜）,ポテト,チーズ,やき,離乳食,完了,期,１,歳,〜）
野菜うどん（離乳食：完了期1歳〜）,野菜,うどん,離乳食,完了,期,1,歳,〜）
まぐろの照り焼き風（離乳食：完了期1歳〜）,まぐろ,照り,焼き,風,離乳食,完了,期,1,歳,〜）
スティック野菜（離乳食：後期９〜１１ヶ月）,スティック,野菜,離乳食,後期,９,〜,１,１,ヶ月
豆腐とひじきのつくね（離乳食：後期9〜11か月）,豆腐,ひじき,つくね,離乳食,後期,9,〜,11,か月
野菜蒸しパン（離乳食：後期9〜11ヶ月）,野菜,蒸し,パン,離乳食,後期,9,〜,11,ヶ月
１０倍がゆ（離乳食：初期5〜6か月）,１,０,倍,ゆ,離乳食,初期,5,〜,6,か月
白身魚のすり流し（離乳食：初期5〜6ヶ月）,白身,魚,すり,流し,離乳食,初期,5,〜,6,ヶ月
にんじんマッシュ（離乳食：初期5〜6か月）,にんじん,マッシュ,離乳食,初期,5,〜,6,か月
かぼちゃ入りパンがゆ（離乳食：中期7〜8か月）,かぼちゃ,入り,パン,ゆ,離乳食,中期,7,〜,8,か月
オムレツ（離乳食：中期7〜8か月）,オムレツ,離乳食,中期,7,〜,8,か月
さつまいも茶巾（離乳食：中期7〜8か月）,さつまいも,茶巾,離乳食,中期,7,〜,8,か月
手羽先焼き（冷凍）,手羽,先,焼き,冷凍
豚バラグリル,豚,バラ,グリル
ラムチョップ,ラム,チョップ
にんじんゼリー,にんじん,ゼリー
かぼちゃスープ,かぼちゃ,スープ
ほうれん草のカップシフォンケーキ,ほうれん草,カップシフォンケーキ
ステーキを焼く,ステーキ,焼く
とうもろこしをゆでる,とうもろこし,ゆでる
栗を蒸す,栗,蒸す
切干大根と揚げの煮物,切干,大根,揚げ,煮物
ひじきの煮物,ひじき,煮物
手羽先焼き,手羽,先,焼き
鶏の塩焼き(冷凍),鶏,塩焼き,(,冷凍,)
さんまの塩焼き（冷凍）,さんま,塩焼き,冷凍
あさりの<br/>ゆずこしょうパスタ,あさり,<,br,/>,ゆず,こしょう,パスタ
えびのチリソース,えび,チリ,ソース
手作りぎょうざ,手作り,ざ
牛肉ときのこのクリーム煮,牛肉,とき,クリーム,煮
豚肉のマスタードソース,豚肉,マスタード,ソース
鶏肉のバスク風,鶏肉,バスク,風
キッシュ風オムレツ,キッシュ,風,オムレツ
さけのクリーム煮,さけ,クリーム,煮
たらのプロヴァンス風,たら,プロヴァンス,風
かに玉,かに,玉
酢豚,酢豚
回鍋肉（ホイコーロウ）,回,鍋,肉,ホイコーロウ
八宝菜,八,宝,菜
麻婆豆腐,麻,婆,豆腐
塩ざけ（減塩）,塩,ざけ,減,塩
あじの開き（減塩）,あじ,開き,減,塩
あじの開き（冷凍･減塩）,あじ,開き,冷凍,･,減,塩
塩ざけ（冷凍・減塩）,塩,ざけ,冷凍,減,塩
塩さば（減塩）,塩,さば,減,塩
塩さば（冷凍･減塩）,塩,さば,冷凍,･,減,塩
白みそ,白みそ
塩こうじ,塩,こうじ
ヨーグルト,ヨーグルト
さけの甘酒漬焼き,さけ,甘酒,漬,焼き
さわらの甘酒漬焼き,さ,わら,甘酒,漬,焼き
甘酒フレンチトースト,甘酒,フレンチ,トースト
甘酒蒸しパン,甘酒,蒸し,パン
甘酒,甘酒
たらと野菜の中華丼,たら,野菜,中華,丼
牛ステーキのトマトのせ,牛,ステーキ,トマト,せ
豚肉のマスタードクリーム煮,豚肉,マスタード,クリーム,煮
あげとわかめのお味噌汁,あげ,わかめ,味噌汁
アボカドと小海老のディップ,アボカド,海老,ディップ
アボカドの味噌グラタン,アボカド,味噌,グラタン
イカとあさりのトマト煮,イカ,あさり,トマト,煮
イタリアンサラダ,イタリアン,サラダ
いんげんの肉味噌,いん,げん,肉,味噌
えのき茸とわかめのお味噌汁,のき,茸,わかめ,味噌汁
エビの生春巻き,エビ,春巻き
おから入りふわふわチキンボール,おから,入り,ふわふわ,チキン,ボール
オニオングラタンスープ,オニオングラタンスープ
カジキのムニエル,カジキ,ムニエル
かぶのサラダ漬け,かぶ,サラダ,漬け
かぼちゃと油揚げのお味噌汁,かぼちゃ,油揚げ,味噌汁
かぼちゃのコロッケ,かぼちゃ,コロッケ
かぼちゃのスープ,かぼちゃ,スープ
かぼちゃのピザ,かぼちゃ,ピザ
カレイのから揚げ,カレイ,の,揚げ
きのこのパスタ,きのこ,パスタ
キャベツとあげのお味噌汁,キャベツ,あげ,味噌汁
キャベツとトマトのお味噌汁,キャベツ,トマト,味噌汁
キャベツと卵のスープ,キャベツ,卵,スープ
キャベツ入りメンチカツ,キャベツ,入り,メンチ,カツ
きゅうりとわかめのサラダ,きゅうり,わかめ,サラダ
きゅうりと豚しゃぶのサラダ,きゅうり,豚,しゃぶ,サラダ
きゅうりの塩昆布,きゅうり,塩,昆布
きゅうりの辛子漬け,きゅうり,辛子,漬け
グリンピースの甘煮,グリンピース,甘煮
ゴーヤチャンプルー,ゴーヤチャンプルー
ゴーヤのサラダ,ゴーヤ,サラダ
コールスローサラダ,コール,スロー,サラダ
コーンスープ,コーン,スープ
コンソメスープ,コンソメ,スープ
サーモンのハーブグリル,サーモン,ハーブ,グリル
サワー漬け,サワー,漬け
しし唐ベーコン巻,しし,唐,ベーコン,巻
ジャージャー麺,ジャー,ジャー,麺
じゃがいもコーンしめじのスープ,じゃがいも,コーン,しめじ,スープ
じゃがいもの冷たいスープ,じゃがいも,冷たい,スープ
じゃこと梅の混ぜご飯,こと,梅,混ぜ,ご飯
セロリとりんごのサラダ,セロリ,りんご,サラダ
たことパプリカのマリネ,たこ,パプリカ,マリネ
たこと彩り野菜のサラダ,たこ,彩り,野菜,サラダ
チキンとグレープフルーツのサラダ,チキン,グレープフルーツ,サラダ
チキンのトマト煮,チキン,トマト,煮
チキンのハーブグリル,チキン,ハーブ,グリル
チキンバー＆ポテト,チキン,バー,ポテト
チョレギサラダ,チョレギサラダ
ツナ入りマカロニサラダ,ツナ,入り,マカロニ,サラダ
とうもろこしのスープ,とうもろこし,スープ
トマトスープ,トマト,スープ
トマトスライス,トマト,スライス
トマトといんげんのヨーグルトサラダ,トマト,いん,げん,ヨーグルト,サラダ
とろろ昆布のお吸い物,とろろ,昆布,吸い物
ナスとかぼちゃのお味噌汁,ナス,かぼちゃ,味噌汁
ナスのあっさり漬け,ナス,あっさり,漬け
ナスのミートグラタン,ナス,ミート,グラタン
にゅう麺,ゅう,麺
ニラ玉,ニラ,玉
ねぎソースの冷奴,ねぎ,ソース,冷奴
ねぎとじゃがいもの温かいスープ,ねぎ,じゃがいも,温かい,スープ
パプリカのマリネ,パプリカ,マリネ
パンプキンサラダ,パンプキン,サラダ
野菜たっぷり焼きビーフン,野菜,たっぷり,焼き,ビーフン
ピーマン昆布,ピーマン,昆布
ピリ辛きゅうり,ピリ,辛,きゅうり
ブロッコリーとアスパラガスのヨーグルトサラダ,ブロッコリー,アスパラガス,ヨーグルト,サラダ
ベーコンとチーズのサラダ,ベーコン,チーズ,サラダ
ベーコンと大根のスープ,ベーコン,大根,スープ
ベジスープ,ベジスープ
ほうれん草と人参とちくわの炒め物,ほうれん草,人参,ちく,炒め,物
ほうれん草のナムル,ほうれん草,ナムル
ほうれん草の卵巻き,ほうれん草,卵,巻き
ホタルイカの酢味噌和え,ホタルイカ,酢,味噌和え
ポテトサラダ,ポテト,サラダ
マグロとアボカド寿司,マグロ,アボカド,寿司
ミネストローネ,ミネストローネ
モロヘイヤとトマトのスープ,モロヘイヤ,トマト,スープ
レタス炒飯,レタス,炒飯
レンコンのバター炒め,レンコン,バター,炒め
わかめスープ,わかめ,スープ
わかめとお麩のお吸い物,わかめ,麩,吸い物
わかめとお麩のお味噌汁,わかめ,麩,味噌汁
わかめときゅうりの酢の物,わかめ,きゅうり,酢の物
わかめとみょうがのお吸い物,わかめ,みょうが,吸い物
鰯のかば焼き,鰯,かば焼き
鰯の梅煮,鰯,梅,煮
塩肉じゃが,塩,肉じゃが
塩揉みキャベツ,塩揉み,キャベツ
玉ねぎと油揚げのお味噌汁,玉ねぎ,油揚げ,味噌汁
鶏ささみのチーズロール,鶏,ささ,み,チーズ,ロール
鶏ささみの梅肉巻き,鶏,ささ,み,梅,肉,巻き
鶏の味噌漬け焼き,鶏,味噌,漬け,焼き
鶏団子とキャベツのスープ,鶏,団子,キャベツ,スープ
鮭の混ぜ寿司,鮭,混ぜ,寿司
鮭の味噌マヨグリル,鮭,味噌,マヨグリル
鯖のきのこおろし,鯖,きのこ,おろし
三色ナムル,三,色,ナムル
三色野菜の紫漬け(ナス),三,色,野菜,紫,漬け,(,ナス,)
三色野菜の紫漬け(セロリ),三,色,野菜,紫,漬け,(,セロリ,)
三色野菜の卵炒め,三,色,野菜,卵,炒め
酸辣湯,酸,辣,湯
春雨サラダ,春雨,サラダ
春雨スープ,春雨,スープ
春菊のサラダ,春菊,サラダ
小松菜の卵とじ,小松菜,卵,とじ
焼きナス,焼き,ナス
蒸し鶏の肉味噌かけ,蒸し,鶏,肉,味噌
蒸し鶏の味噌マヨソース,蒸し,鶏,味噌,マヨソース
人参とセロリのスープ,人参,セロリ,スープ
水菜と油揚げのサラダ,水菜,油揚げ,サラダ
水菜と卵のスープ,水菜,卵,スープ
青菜炒め,青菜,炒め
大根の浅漬け,大根,浅漬
大豆のサラダマリネ,大豆,サラダマリネ
大葉とミニトマトのマリネ,大葉,ミニ,トマト,マリネ
中華風茶わん蒸し,中華,風,茶わん,蒸し
長芋とオクラのおかか和え,長芋,オクラ,おかか,和え
長芋の梅肉和え,長芋,梅,肉,和え
椎茸のアヒージョ,椎茸,アヒージョ
椎茸の肉詰め,椎茸,肉,詰め
天津飯,天津飯
豆腐ステーキ,豆腐,ステーキ
豆腐とわかめのお味噌汁,豆腐,わかめ,味噌汁
豚しゃぶうどん,豚,し,ゃぶうどん
豚肉の長芋梅巻き,豚肉,長芋,梅,巻き
肉味噌豆腐,肉,味噌,豆腐
納豆おろし,納豆,おろし
梅ときゅうりの即席漬け,梅,きゅうり,即席,漬け
梅と大葉の冷奴,梅,大葉,冷奴
白菜と卵のスープ,白菜,卵,スープ
野菜たっぷり塩焼きそば,野菜,たっぷり,塩,焼きそば
野菜と卵のスープ,野菜,卵,スープ
冷奴,冷奴
筍とわかめの酢味噌和え,筍,わかめ,酢,味噌和え
マカロニサラダ,マカロニ,サラダ
ヨーグルトサラダ,ヨーグルト,サラダ
鯵のピカタ,鯵,ピカタ
春キャベツと絹さやベーコンの炒め物,春,キャベツ,絹,さ,ベーコン,炒め,物
新玉ねぎのサラダ,玉ねぎ,サラダ
大根の甘酢漬け,大根,甘酢,漬け
長芋サラダ,長芋,サラダ
金時豆の甘煮,金時,豆,甘煮
サーモンのかぶ巻き,サーモン,かぶ,巻き
大根とホタテのサラダ,大根,ホタテ,サラダ
ちゃんこ鍋,ちゃんこ,鍋
おでん,おでん
大根の辛子漬け,大根,辛子,漬け
かぶとエビのクリーム煮,ぶと,エビ,クリーム,煮
ほうれん草と牡蠣のグラタン,ほうれん草,牡蠣,グラタン
みぞれ豚しゃぶ鍋,みぞ,豚,しゃぶ,鍋
ベーコンと野菜のポトフ,ベーコン,野菜,ポトフ
チキンと白菜のクリーム煮,チキン,白菜,クリーム,煮
ロールキャベツ,ロールキャベツ
じゃがいもと豚バラのザーサイ炒め,じゃがいも,豚,バラ,ザーサイ,炒め
豚バラと大豆のチリコンカン,豚,バラ,大豆,チリコンカン
人参とかぼちゃのゴマ味噌風,人参,かぼちゃ,ゴマ,味噌,風
かますの塩焼き,ます,塩焼き
エビとアボカドのサラダ,エビ,アボカド,サラダ
カレイの煮付け,カレイ,煮付け
ズッキーニのハンバーグ,ズッキーニ,ハンバーグ
こんがりポテトのポークサラダ,こんがり,ポテト,ポーク,サラダ
ゴーヤとツナの厚焼き玉子,ゴーヤ,ツナ,厚,焼き,玉子
とうもろこしの焼きしゅうまい,とうもろこし,焼き,しゅう
ふんわりイカバーグ,ふんわり,イカバーグ
ポテトグラタン,ポテト,グラタン
きのことイカのガーリック炒め,きのこ,イカ,ガーリック,炒め
玉子どうふのスープ,玉子,スープ
トマトと卵のボリューム炒め,トマト,卵,ボリューム,炒め
さつまいもと豚肉の煮物,さつまいも,豚肉,煮物
セロリとささみのシャキシャキサラダ,セロリ,さ,さ,み,の,シャキシャキ,サラダ
ニラのたこキムチ炒め,ニラ,たこ,キムチ,炒め
まぐろとアボカドのサラダ,まぐろ,アボカド,サラダ
里芋のそぼろ煮,里芋,そぼろ,煮
豆腐ともやしの中華炒め,豆腐,もやし,中華,炒め
切り干し大根モリモリサラダ,切り干し,大根,モリモリサラダ
じゃがいもとベーコンの味噌汁,じゃがいも,ベーコン,味噌汁
青梗菜と椎茸のスープ,梗,菜,椎茸,スープ
わかめとしめじのオイスター炒め,わかめ,しめじ,オイスター,炒め
ナスと枝豆の生姜まぶし,ナス,枝豆,生姜,まぶし
鯖の韓国風みそ煮,鯖,韓国,風,みそ,煮
レタス＆ベーコン炒め,レタス,ベーコン,炒め
きゅうりとごま油のピリ辛炒め,きゅうり,ごま油,ピリ,辛,炒め
ズッキーニのナムル,ズッキーニ,ナムル
レンコンとぶなしめじのイタリアン炒め,レンコン,とぶ,しめじ,イタリアン,炒め
白菜とひき肉の中華炒め,白菜,ひき肉,中華,炒め
椎茸のツナコーン焼き,椎茸,ツナ,コーン,焼き
ブロッコリーと白身魚の黄金焼き,ブロッコリー,白身,魚,黄金,焼き
鶏ごぼうめし,鶏,ごぼう,めし
大根のピリ辛あんかけ,大根,ピリ,辛,あん
ごぼうの田舎煮,ごぼう,田舎,煮
ほうれん草とパプリカのナムル,ほうれん草,パプリカ,ナムル
えびとブロッコリーのマヨネーズ炒め,えび,ブロッコリー,マヨネーズ,炒め
カレー風味ごぼうサラダ,カレー,風味,ごぼう,サラダ
塩つくね,塩,つく
きのこのすまし汁,きのこ,すまし汁
さつまいもコロコロサラダ,さつまいも,コロコロサラダ
玉ねぎのシーザーサラダ風,玉ねぎ,シーザー,サラダ,風
ナス＆ピーマンのシンプル炒め,ナス,ピーマン,シンプル,炒め
きのこの中華スープ,きのこ,中華,スープ
ブロッコリーのタルタル風ソースがけ,ブロッコリー,タルタル,風,ソース
じゃがいも明太ソース,じゃがいも,明太,ソース
もずくスープ,もずく,スープ
まろやか豆腐スープ,まろやか,豆腐,スープ
キャベツの甘辛酢和え,キャベツ,甘辛,酢和え
レタスとトマトのスープ,レタス,トマト,スープ
タコときゅうりのザーサイ和え,タコ,きゅうり,ザーサイ,和え
豆腐の納豆チーズ焼き,豆腐,納豆,チーズ,焼き
ゆで豚サラダ,ゆで,豚,サラダ
しじみのお味噌汁,し,じみ,味噌汁
長芋のお味噌汁,長芋,味噌汁
名古屋風お雑煮,名古屋,風,雑煮
えのきバーグ,のき,バーグ
ちくわの天とじ丼,ちく,天,とじ,丼
鶏肉のスパイス焼き,鶏肉,スパイス,焼き
鶏肉のマーマレード煮,鶏肉,マーマレード,煮
きのこのオイスターソース煮,きのこ,オイスターソース,煮
長芋のシーフードグラタン,長芋,シーフード,グラタン
ほうれん草のエビ入りソテー,ほうれん草,エビ,入り,ソテー
エビとカリフラワーのマヨネーズ炒め,エビ,カリフラワー,マヨネーズ,炒め
豚肉とアスパラガス炒め,豚肉,アスパラガス,炒め
豚肉とオクラのチャンプルー,豚肉,オクラ,チャンプルー
大根と豚ばらの煮物,大根,豚,ばら,煮物
串焼きピカタ,串焼き,ピカタ
ブロッコリーと牛肉の中華炒め,ブロッコリー,牛肉,中華,炒め
ニラと豆腐の帆立あん仕立て,ニラ,豆腐,帆,立,あん,仕立て
筍のおかか煮,筍,おかか,煮
ひじきのツナマヨサラダ,ひじき,ツナマヨサラダ
海老とブロッコリーのサラダ,海老,ブロッコリー,サラダ
ふんわりつくね,ふんわり,つく
簡単ポークピカタ,簡単,ポークピカタ
アスパラガス入り卵焼き,アスパラガス,入り,卵焼き
キャベツとアボカドときゅうりのグリーンサラダ,キャベツ,アボカド,きゅうり,グリーン,サラダ
海鮮サラダ,海鮮,サラダ
鶏肉とブロッコリーのこってり炒め,鶏肉,ブロッコリー,こってり,炒め
春キャベツと新玉ねぎの蒸し焼き,春,キャベツ,玉ねぎ,蒸し焼き
さわらと菜の花のアクアパッツア風,さ,わら,菜の花,アクアパッツア,風
春キャベツと人参のマリネサラダ,春,キャベツ,人参,マリネサラダ
シェルマカロニバジル風味,シェルマカロニバジル,風味
金目鯛とごぼうの含め煮,金目,鯛,ごぼう,含め,煮
千切り野菜で食べる鯖の唐揚げ,千切り,野菜,食べる,鯖,唐,揚げ
究極の黒豚で根菜バーグきのこあんかけ,究極,黒,豚,根菜,バーグ,きのこ,あん
鶏ささみの酸辣湯,鶏,ささ,み,酸,辣,湯
鶏ささみと水菜の柚子ドレッシング,鶏,ささ,み,水菜,柚子,ドレッシング
生麩と野菜の柚子味噌かけ,生麩,野菜,柚子,味噌
ブリと豆腐のすき煮,ブリ,豆腐,すき,煮
ブリと野菜のトマト煮,ブリ,野菜,トマト,煮
鮭とほうれん草のオムレツ,鮭,ほうれん草,オムレツ
鮭と野菜の甘辛ねぎソース,鮭,野菜,甘辛,ねぎ,ソース
スモークサーモンとかぶの麹和え,スモークサーモン,かぶ,麹,和え
スモークサーモンとほうれん草のフィットチーネ,スモークサーモン,ほうれん草,フィットチーネ
牡蠣のスモークサーモン巻ソテー,牡蠣,スモークサーモン,巻,ソテー
きゅうりと薄焼き卵の酢の物,きゅうり,薄焼き,卵,酢の物
もやしの卵巻き,もやし,卵,巻き
豆腐のカニ玉あんかけ,豆腐,カニ,玉,あん
炒飯,炒飯
人参しりしり,人参,しり,しり
トマトとちりめんじゃこのオムレツ,トマト,ちり,めん,オムレツ
あさりとたけのこのパスタ,あさり,たけ,パスタ
アボカドと鮭のクリーミーグラタン,アボカド,鮭,クリーミーグラタン
豚肉とキャベツの重ね蒸し,豚肉,キャベツ,重ね,蒸し
しめじとパプリカのマスタード和え,しめじ,パプリカ,マスタード,和え
鰻ときゅうりの酢の物,鰻,きゅうり,酢の物
エスニック風串焼き,エスニック,風,串焼き
イタリアングリーンサラダ,イタリアン,グリーン,サラダ
ガスパチョ,ガスパチョ
エビとブロッコリーのヨーグルトサラダ,エビ,ブロッコリー,ヨーグルト,サラダ
揚げナスの素麺,揚げ,ナス,素麺
トマトの煮びたし,トマト,煮,びたし
しめじのスープ,しめじ,スープ
かつおのたたきサラダ,かつお,たたき,サラダ
豚肉ときのこのオイスター炒め,豚肉,とき,オイスター,炒め
パクチーともやしのジャージャー麺,パクチー,もやし,ジャー,ジャー,麺
アーモンド入りチョップドサラダ,アーモンド,入り,チョップドサラダ
きゅうりの酢の物,きゅうり,酢の物
イカときのこの梅炒め,イカ,とき,梅,炒め
ホットプレートでお手軽ビビンバ,ホット,プレート,手軽,ビビンバ
マグロのカルパッチョ,マグロ,カルパッチョ
鶏むね肉のパプリカビネガー風,鶏,むね,肉,パプリカビネガー,風
牛サーロインのタリアータ・サラダ仕立て,牛,サーロイン,タリアータ・サラダ,仕立て
イクラと長芋のサラダ,イクラ,長芋,サラダ
イクラとスモークサーモンのクリームパスタ,イクラ,スモークサーモン,クリーム,パスタ
牡蠣とエリンギのガーリックバター,牡蠣,エリンギ,ガーリック,バター
お手軽チーズフォンデュ,手軽,チーズフォンデュ
人参とピーマンのおかか和え,人参,ピーマン,おかか,和え
きゅうりと人参のピーラーサラダ,きゅうり,人参,ピーラーサラダ
生姜たれで食べる肉と野菜,生姜,たれ,食べる,肉,野菜
さつまいもとクルミのサラダ,さつまいも,クルミ,サラダ
さつまいもの吹き寄せ甘酢あん,さつまいも,吹き寄せ,甘酢,あん
もやしと豚バラ肉のピリ辛中華炒め,もやし,豚,バラ,肉,ピリ,辛,中華,炒め
もやしとツナの卵とじ,もやし,ツナ,卵,とじ
真鯛のアクアパッツァ,真鯛,アクアパッツァ
真鯛の簡単昆布じめ風,真鯛,簡単,昆布,め,風
海老と牡蠣のアヒージョ,海老,牡蠣,アヒージョ
舌平目のムニエル椎茸バターソース,舌,平目,ムニエル,椎茸,バター,ソース
サーロインステーキと彩り野菜のグリル,サーロイン,ステーキ,彩り,野菜,グリル
舌平目のコキール,舌,平目,コキール
鮭と白菜のとろ〜りあんかけ蒸し,鮭,白菜,とろ,〜,あん,かけ,蒸し
タラとたっぷり野菜のレンジ蒸し,タラ,たっぷり,野菜,レンジ,蒸し
タラのチゲ鍋,タラ,チゲ,鍋
塩鮭入りじゃがいも餅のあんかけ,塩鮭,入り,じゃがいも,餅,あん
ねばねば丼,ねばねば,丼
柔らかふろふき大根,柔らか,ふろ,ふき,大根
ブリ大根,ブリ,大根
カブのみぞれ鍋,カブ,みぞ,鍋
お餅とツナの肉巻き,餅,ツナ,肉,巻き
みかんとベビーリーフのサラダ,みかん,ベビー,リーフ,サラダ
みかんの寒天ゼリー,みかん,寒天,ゼリー
七草とじゃこの佃煮風,七草,佃煮,風
きのこのオイル煮,きのこ,オイル,煮
きのこのオムレツ,きのこ,オムレツ
じゃがいもとタラのグラタン風,じゃがいも,タラ,グラタン,風
春菊とマッシュルームのサラダ,春菊,マッシュルーム,サラダ
水菜と人参のナムル,水菜,人参,ナムル
もつの味噌炒め,もつ,味噌,炒め
もつ鍋,もつ,鍋
ハムとフレッシュ野菜のサラダ,ハム,フレッシュ,野菜,サラダ
冬野菜と鯛の姿蒸し,冬,野菜,鯛,姿,蒸し
おひな様のちらし寿司,ひな,様,ちらし,寿司
はまぐりの潮汁,はま,ぐりの,潮汁
新玉ねぎとえのきのコンソメスープ,玉ねぎ,のき,コンソメ,スープ
スモークサーモンの簡単ちらし寿司,スモークサーモン,簡単,ちらし,寿司
しらすとピーマンのピリ辛炒め,しらす,ピーマン,ピリ,辛,炒め
バジル香るガパオ丼,バジル,香る,ガ,パオ,丼
チーズキンパ,チーズキンパ
くるみゆずいなり,くるみ,ゆず,い
トムカーガイ,トムカーガイ
パクチーマーボー丼,パクチーマーボー,丼
ソムタム,ソムタム
たまねぎカップの明石焼き風,たまねぎ,カップ,明石,焼き,風
天かすと青のりのにぎりめし,天,かす,青のり,にぎり,めし
黒豆のワイン煮,黒豆,ワイン,煮
持て余しもちもっちりおこわ,持て余し,もち,もっ,ちり,おこわ
さくら手まりおにぎり,さくら,手まり,おにぎり
新じゃが＆豚バラのウーロン煮,豚,バラ,ウー,ロン,煮
トムヤムクン,トムヤムクン
えびのバラぎょうざ,えび,バラ,ざ
ほっけの干物でアクアパッツア,ほっ,干物,アクアパッツア
持て余しもちダブルしゅうまい,持て余し,もち,ダブル,しゅう
スタッフドバゲット　えび,スタッフドバゲット,えび
手羽中のグリルはちみつしょうゆ,手羽,中,グリル,はちみつ,しょうゆ
五平もち風焼きおにドック,五平,もち,風,焼き,お,ドック
肉巻き切りもちトッポギ風,肉,巻き,切り,もち,トッポギ,風
ビスケット,ビスケット
プルアパートブレッド,プルアパートブレッド
ぎゅう詰めオーブン焼き,ぎゅう詰め,オーブン,焼き
クムピル,クムピル
ふわしゅわ パンケーキ,ふわ,ゅわ,パンケーキ
秋のプチ桃山,秋,プチ,桃山
食べるトマトらー油,食べる,トマト,ら,ー,油
サーモンのオーブン焼き,サーモン,オーブン,焼き
じゃがいものミルフィーユ風,じゃがいも,ミルフィーユ,風
北欧風メダリオン,北,欧風,メダリオン
ネイキッドケーキ,ネイキッドケーキ
おもちDEラザニア,もち,DE,ラザニア
韓国風やきとりタッコチ,韓国,風,やき,とり,タッコチ
冷凍うどんの包み蒸し,冷凍,うどん,包み,蒸し
レンジDEチョコケーキ,レンジ,DE,チョコ,ケーキ
チーズチキンマフィン,チーズチキンマフィン
"レタスの中華風サラダ",",レタス,中華,風,サラダ,"
"えのきのタイ風サラダ",",きの,タイ,風,サラダ,"
"インドネシア風サラダ",",インドネシア,風,サラダ,"
"ズッキーニのチーズサラダ",",ズッキーニ,チーズ,サラダ,"
"じゃがいものたらこマヨネーズ",",ゃがいものたらこ,マヨネーズ,"
"れんこんのカレーマヨきんぴら",",れん,こん,カレーマヨ,きん,ぴら,"
"にんじんのハニーマスタード",",にんじん,ハニーマスタード,"
"セロリとたこの酢みそあえ",",セロリ,たこ,酢みそ,"
オクラの梅肉あえ,オクラ,梅,肉
"ピーマンとツナの塩昆布あえ",",ピーマン,ツナ,塩,昆布,"
きのこのナムル,きのこ,ナムル
白菜の水キムチ風,白菜,水,キムチ,風
豚と野菜のごまみそ焼き,豚,野菜,ごま,みそ,焼き
豚と野菜のごまみそ焼き(冷凍),豚,野菜,ごま,みそ,焼き,(,冷凍,)
"豚バラ大根のマヨ照り焼き",",豚,バラ,大根,マヨ,照り,焼き,"
豚バラ大根のマヨ照り焼き(冷凍),豚,バラ,大根,マヨ,照り,焼き,(,冷凍,)
ポークトマト,ポーク,トマト
ポークトマト(冷凍),ポーク,トマト,(,冷凍,)
"キャベツメンチカツ",",キャベツメンチカツ,"
キャベツメンチカツ(冷凍),キャベツメンチカツ,(,冷凍,)
肉巻き厚揚げ,肉,巻き,厚,揚げ
肉巻き厚揚げ(冷凍),肉,巻き,厚,揚げ,(,冷凍,)
"鶏と野菜の辛味焼き",",鶏,野菜,辛味,焼き,"
鶏と野菜の辛味焼き(冷凍),鶏,野菜,辛味,焼き,(,冷凍,)
"さけと野菜の白みそ風ソテー",",さけ,野菜,白みそ,風,ソテー,"
さけと野菜の白みそ風ソテー(冷凍),さけ,野菜,白みそ,風,ソテー,(,冷凍,)
"えびと野菜のカレーマヨ焼き",",えび,野菜,カレーマヨ,焼き,"
えびと野菜のカレーマヨ焼き(冷凍),えび,野菜,カレーマヨ,焼き,(,冷凍,)
鶏の照り焼き＆<br/>かぼちゃの煮物,鶏,照り,焼き,＆<,br,/>,かぼちゃ,煮物
しいたけ肉詰め＆<br/>和風カレースープ,しいたけ,肉,詰め,＆<,br,/>,和風,カレー,スープ
つくねだんご＆<br/>野菜スープ,つくね,ん,＆<,br,/>,野菜,スープ
さけと厚あげ焼き<br/>＆野菜あん,さけ,厚,あげ,焼き,<,br,/>＆,野菜,あん
塩さば＆五色きんぴら,塩,さば,五色,きん,ぴら
肉だんご＆甘酢あん,肉,ん,甘酢,あん
おからハンバーグ<br/>＆野菜ソース,おから,ハンバーグ,<,br,/>＆,野菜,ソース
焼きおにぎり＆豚汁,焼き,おにぎり,豚汁
焼き豚チャーハン<br/>＆もやしスープ,焼き豚,チャーハン,<,br,/>＆,もやし,スープ
鶏のから揚げ＆<br/>八宝菜風煮物,鶏,の,揚げ,＆<,br,/>,八,宝,菜,風,煮物
鶏のから揚げ＆<br/>白菜とあげの煮物,鶏,の,揚げ,＆<,br,/>,白菜,あげ,煮物
焼きもち＆<br/>すまし雑煮,焼きもち,＆<,br,/>,す,雑煮
焼きもち＆<br/>ぜんざい,焼きもち,＆<,br,/>,ぜんざい
鶏のマヨ焼き＆<br/>あさりのボンゴレ,鶏,マヨ,焼き,＆<,br,/>,あさり,ボンゴレ
野菜のチーズ焼き<br/>＆マカロニ,野菜,チーズ,焼き,<,br,/>＆,マカロニ
たいの塩焼き＆<br/>赤飯,たい,塩焼き,＆<,br,/>,赤飯
ちゃんちゃん焼き<br/>＆山菜おこわ,ちゃんちゃん,焼き,<,br,/>＆,山菜,おこわ
青菜の煮物,青菜,煮物
野菜バター煮,野菜,バター,煮
かぼちゃの煮物,かぼちゃ,煮物
きんぴら,きん,ぴら
野菜のカレー煮,野菜,カレー,煮
じゃがいもと<br/>ベーコンの煮物,じゃがいも,<,br,/>,ベーコン,煮物
大根とツナの煮物,大根,ツナ,煮物
れんこんの煮物,れん,こん,煮物
ビーフカレー,ビーフカレー
いわしのしょうが煮,いわし,しょうが,煮
かれいの煮付け,かれい,煮付け
五目豆,五目,豆
黒豆,黒豆
茶わん蒸し,茶わん,蒸し
温泉卵,温泉,卵
ゆで卵,ゆで,卵
チルドぎょうざ,チルド,ざ
小籠包<br/>（ショウロンポウ）,小籠,包,<,br,/>（,ショウロンポウ
肉まん（手作り）,肉まん,手作り
手作りしゅうまい,手作り,しゅう
豆腐しゅうまい,豆腐,しゅう
一尾魚の蒸し物,一尾,魚,蒸し物
アクアパッツア,アクアパッツア
さけとあさりの<br/>ハーブ蒸し,さけ,あさり,<,br,/>,ハーブ,蒸し
焼き豚,焼き豚
鶏の塩焼き,鶏,塩焼き
焼きとり,焼きとり
ローストチキン,ロースト,チキン
ローストビーフ,ロースト,ビーフ
さんまの塩焼き,さんま,塩焼き
ほっけの開き,ほっ,開き
たいの姿焼き,たい,姿,焼き
さけとしめじの<br/>ホイル焼き,さけ,しめじ,<,br,/>,ホイル,焼き
焼きなす,焼き,なす
マカロニグラタン,マカロニ,グラタン
じゃがいものグラタン,じゃがいも,グラタン
ホワイトソース,ホワイト,ソース
ハンバーグ,ハンバーグ
おから入りハンバーグ,おから,入り,ハンバーグ
野菜ハンバーグ,野菜,ハンバーグ
小松菜入り<br/>鶏ハンバーグ,小松菜,入り,<,br,/>,鶏,ハンバーグ
鶏の照り焼き,鶏,照り,焼き
鶏の黒酢照り焼き,鶏,黒,酢,照り,焼き
鶏のレモン風味照り焼き,鶏,レモン,風味,照り,焼き
鶏のゆずこしょう焼き,鶏,ゆず,こしょう,焼き
手羽元の香味焼き,手羽,元,香味,焼き
手羽元の甘辛焼き,手羽,元,甘辛,焼き
手羽元のカレー焼き,手羽,元,カレー,焼き
肉巻き野菜,肉,巻き,野菜
もちめんたい巻き,もち,めん,たい,巻き
ウィンナー野菜巻き,ウィンナー,野菜,巻き
しいたけの肉詰め,しいたけ,肉,詰め
ピーマンの肉詰め,ピーマン,肉,詰め
手羽元の彩り野菜添え,手羽,元,彩り,野菜,添え
あじの開き,あじ,開き
塩さば,塩,さば
さばのこしょう焼き,さば,こしょう,焼き
さばの酢じょうゆ焼き,さば,酢,じょうゆ,焼き
さばの梅風味焼き,さば,梅,風味,焼き
塩ざけ,塩,ざけ
さけの香草焼き,さけ,香,草,焼き
さけの照り焼き,さけ,照り,焼き
さけのチーズソテー,さけ,チーズ,ソテー
ぶりの照り焼き,ぶり,照り,焼き
さわらの漬焼き,さ,わら,漬,焼き
さわらの中華焼き,さ,わら,中華,焼き
さわらのごま酢焼き,さ,わら,ごま,酢,焼き
さわらのめんたいマヨ焼き,さわら,のめん,マヨ,焼き
焼き野菜,焼き,野菜
和風焼き野菜,和風,焼き,野菜
マリネ風焼き野菜,マリネ,風,焼き,野菜
ハンバーグ（冷凍）,ハンバーグ,冷凍
おから入りハンバーグ<br/>（冷凍）,おから,入り,ハンバーグ,<,br,/>（,冷凍
野菜ハンバーグ（冷凍）,野菜,ハンバーグ,冷凍
小松菜入り<br/>鶏ハンバーグ（冷凍）,小松菜,入り,<,br,/>,鶏,ハンバーグ,冷凍
鶏の照り焼き（冷凍）,鶏,照り,焼き,冷凍
鶏の黒酢照り焼き（冷凍）,鶏,黒,酢,照り,焼き,冷凍
鶏のレモン風味<br/>照り焼き（冷凍）,鶏,レモン,風味,<,br,/>,照り,焼き,冷凍
鶏のゆずこしょう焼き<br/>（冷凍）,鶏,ゆず,こしょう,焼き,<,br,/>（,冷凍
手羽元の香味焼き（冷凍）,手羽,元,香味,焼き,冷凍
手羽元の甘辛焼き（冷凍）,手羽,元,甘辛,焼き,冷凍
手羽元のカレー焼き（冷凍）,手羽,元,カレー,焼き,冷凍
肉巻き野菜（冷凍）,肉,巻き,野菜,冷凍
もちめんたい巻き（冷凍）,もち,めん,たい,巻き,冷凍
ウィンナー<br/>野菜巻き（冷凍）,ウィンナー,<,br,/>,野菜,巻き,冷凍
しいたけの肉詰め（冷凍）,しいたけ,肉,詰め,冷凍
ピーマンの肉詰め（冷凍）,ピーマン,肉,詰め,冷凍
手羽元の彩り野菜添え<br/>（冷凍）,手羽,元,彩り,野菜,添え,<,br,/>（,冷凍
あじの開き（冷凍）,あじ,開き,冷凍
塩さば（冷凍）,塩,さば,冷凍
さばのこしょう焼き<br/>（冷凍）,さば,こしょう,焼き,<,br,/>（,冷凍
さばの酢じょうゆ焼き<br/>（冷凍）,さば,酢,じょうゆ,焼き,<,br,/>（,冷凍
さばの梅風味焼き（冷凍）,さば,梅,風味,焼き,冷凍
塩ざけ（冷凍）,塩,ざけ,冷凍
さけの香草焼き（冷凍）,さけ,香,草,焼き,冷凍
さけの照り焼き（冷凍）,さけ,照り,焼き,冷凍
さけのチーズソテー（冷凍）,さけ,チーズ,ソテー,冷凍
ぶりの照り焼き（冷凍）,ぶり,照り,焼き,冷凍
さわらの漬焼き（冷凍）,さ,わら,漬,焼き,冷凍
さわらの中華焼き（冷凍）,さ,わら,中華,焼き,冷凍
さわらのごま酢焼き（冷凍）,さ,わら,ごま,酢,焼き,冷凍
さわらのめんたいマヨ焼き（冷凍）,さわら,のめん,マヨ,焼き,冷凍
焼き野菜（冷凍）,焼き,野菜,冷凍
和風焼き野菜（冷凍）,和風,焼き,野菜,冷凍
マリネ風焼き野菜（冷凍）,マリネ,風,焼き,野菜,冷凍
豚キムチの春巻き,豚,キムチ,春巻き
鶏とらっきょうの<br/>春巻き,鶏,らっきょう,<,br,/>,春巻き
鶏のから揚げ,鶏,の,揚げ
鶏のかんたんから揚げ,鶏,かん,ん,揚げ
鶏のごま風味から揚げ,鶏,ごま,風味,揚げ
いわしのフライ,いわし,フライ
えびフライ,えび,フライ
とんかつ,とん
串かつ,串かつ
豚キムチの春巻き（冷凍）,豚,キムチ,春巻き,冷凍
牛肉の春巻き（冷凍）,牛肉,春巻き,冷凍
鶏とらっきょうの<br/>春巻き（冷凍）,鶏,らっきょう,<,br,/>,春巻き,冷凍
鶏のから揚げ（冷凍）,鶏,の,揚げ,冷凍
鶏のかんたんから揚げ（冷凍）,鶏,かん,ん,揚げ,冷凍
鶏のごま風味から揚げ<br/>（冷凍）,鶏,ごま,風味,揚げ,<,br,/>（,冷凍
スナックピザ,スナック,ピザ
かんたんフォカッチャ,かん,ん,フォカッチャ
肉じゃが,肉じゃが
さんまのコンフィ,さんま,コンフィ
クマさん<br/>ハンバーグ,クマ,さん,<,br,/>,ハンバーグ
鶏肉のコンフィ,鶏肉,コンフィ
鶏肉のコンフィの<br/>ソテー,鶏肉,コンフィ,<,br,/>,ソテー
さんまのコンフィ<br/>カラフルパスタ,さんま,コンフィ,<,br,/>,カラフル,パスタ
豚肉のコンフィ,豚肉,コンフィ
豚肉のコンフィの<br/>サンドウィッチ,豚肉,コンフィ,<,br,/>,サンドウィッチ
牛肉の春巻き,牛肉,春巻き
枝豆,枝豆
なすのピリ辛あえ,なす,ピリ,辛
さやいんげんの<br/>ごまみそあえ,さ,やい,げん,<,br,/>,ごま,みそ
手作り焼きおにぎり,手作り,焼き,おにぎり
チーズ入り<br/>焼きおにぎり,チーズ,入り,<,br,/>,焼き,おにぎり
なめたけの<br/>焼きおにぎり,なめ,<,br,/>,焼き,おにぎり
モッチーズ,モッチーズ
チキンライス,チキンライス
白ごはん,白,ごはん
赤飯,赤飯
ソース焼きそば,ソース,焼きそば
手作り焼きおにぎり（冷凍）,手作り,焼き,おにぎり,冷凍
チーズ入り<br/>焼きおにぎり（冷凍）,チーズ,入り,<,br,/>,焼き,おにぎり,冷凍
なめたけの<br/>焼きおにぎり（冷凍）,なめ,<,br,/>,焼き,おにぎり,冷凍
モッチーズ（冷凍）,モッチーズ,冷凍
チョコレートケーキ,チョコレート,ケーキ
いちごのショートケーキ,いちご,ショートケーキ
フルーツケーキ,フルーツ,ケーキ
チーズケーキ,チーズ,ケーキ
シフォンケーキ,シフォン,ケーキ
ロールケーキ,ロールケーキ
抹茶ロールケーキ,抹茶,ロールケーキ
ココアロールケーキ,ココアロールケーキ
マドレーヌ,マドレーヌ
カステラ,カステラ
抹茶カステラ,抹茶,カステラ
ゆずカステラ,ゆず,カステラ
シュークリーム,シュークリーム
レンジで作るシュー,レンジ,作る,シュー
エクレア,エクレア
スイートポテト,スイートポテト
クッキー,クッキー
アメリカンクッキー,アメリカン,クッキー
アップルパイ,アップルパイ
カスタードプディング,カスタード,プディング
焼きいも,焼きいも
ふかしいも,ふかし,いも
蒸しプリン,蒸し,プリン
わらびもち,わらび,もち
いちご大福,いちご,大福
いちごジャム,いちご,ジャム
りんごの甘煮,りんご,甘煮
カスタードクリーム,カスタード,クリーム
手作りピザ<br/>（ソフト生地）,手作り,ピザ,<,br,/>（,ソフト,生地
トマトソース,トマト,ソース
クリスピーピザ,クリスピーピザ
マスタードピザ,マスタード,ピザ
フランスパン<br/>（バゲット）,フランス,パン,<,br,/>（,バゲット
ごまごまフランスパン,ごま,ごま,フランス,パン
くるみのブール,くるみ,ブール
チーズプチパン,チーズプチパン
山形食パン,山形,食パン
紅茶の食パン,紅茶,食パン
クランベリーの食パン,クランベリー,食パン
バターロール,バター,ロール
カレーチーズパン,カレーチーズパン
トースト,トースト
フランスパン<br/>（ブール）,フランス,パン,<,br,/>（,ブール
フランスパン<br/>（プチパン）,フランス,パン,<,br,/>（,プチパン
冷凍トースト,冷凍,トースト
豆腐を水切りする,豆腐,水切り,する
にんにくの臭みを抜く,にんにく,臭み,抜く
アイスクリームを<br/>柔らかく,アイスクリーム,<,br,/>,柔らかく
チョコレートを溶かす,チョコレート,溶かす
50℃のお湯に沸かす,50,℃,お湯,沸かす
めんつゆを作る,めん,つゆ,作る
鶏の酒蒸し,鶏,酒,蒸し
キャベツと<br/>きのこのサラダ,キャベツ,<,br,/>,きのこ,サラダ
かぼちゃのマヨあえ,かぼちゃ,マヨ
ポテトサラダ,ポテト,サラダ
漁師の具だくさんスープ,漁師,具,くさん,スープ
えびと蒸し野菜の<br/>サルサソース,えび,蒸し,野菜,<,br,/>,サルサ,ソース
えびだんごと長いもの煮物,びだんごと,長い,もの,煮物
あじと枝豆の焼き寿司,あじ,枝豆,焼き,寿司
スパニッシュ・オムレツ,スパニッシュ・オムレツ
なすとハムの<br/>重ね焼きグラタン,なす,ハム,<,br,/>,重ね,焼き,グラタン
豚肉の野菜巻き,豚肉,野菜,巻き
たらとポテトの<br/>クリームグラタン,たら,ポテト,<,br,/>,クリーム,グラタン
いわしとトマトの重ね焼き,いわし,トマト,重ね,焼き
クリスピーロールカツ,クリスピーロールカツ
野菜とコンビーフの<br/>チーズ煮,野菜,コンビーフ,<,br,/>,チーズ,煮
なすと豚肉の重ね焼き,なす,豚肉,重ね,焼き
豚とりんごのレモン焼き,豚,りんご,レモン,焼き
サクサク<br/>かぼちゃコロッケ,サクサク,<,br,/>,かぼちゃ,コロッケ
クイック・<br/>ローストビーフ,クイック,<,br,/>,ロースト,ビーフ
白身魚のソテー<br/>野菜添え,白身,魚,ソテー,<,br,/>,野菜,添え
ラタトゥイユ,ラタトゥイユ
魚介の蒸しサラダ,魚介,蒸し,サラダ
えびの香草グリル,えび,香,草,グリル
チーズカツレツ,チーズ,カツレツ
バーニャカウダ風<br/>焼き野菜,バーニャカウダ,風,<,br,/>,焼き,野菜
こんがりミートローフ,こんがり,ミートローフ
サーモン・<br/>ライスコロッケ,サーモン,<,br,/>,ライス,コロッケ
豚肉と豆の<br/>スープ蒸し焼き,豚肉,豆,<,br,/>,スープ,蒸し焼き
なすのツナ入り<br/>ボートグラタン,なす,ツナ,入り,<,br,/>,ボート,グラタン
牛肉ときのこの<br/>オープンパイ,牛肉,とき,<,br,/>,オープン,パイ
アマトリチャーナ,アマトリチャーナ
ハムときのこの<br/>クリームパスタ,ハム,とき,<,br,/>,クリーム,パスタ
豆腐バーグ<br/>きのこあんかけ,豆腐,バーグ,<,br,/>,きのこ,あん
さけの紙包み蒸し<br/>ちゃんちゃん風,さけ,紙,包み,蒸し,<,br,/>,ちゃんちゃん,風
鶏と根菜のうま煮,鶏,根菜,うま煮
豚肉のみそ漬焼き,豚肉,みそ,漬,焼き
さけの<br/>なめたけあんかけ,さけ,<,br,/>,なめ,ん
豚と水菜の煮物,豚,水菜,煮物
なすの揚げ浸し,なす,揚げ,浸し
ふろふき大根,ふろ,ふき,大根
豚の酢じょうゆ炒め,豚,酢,じょうゆ,炒め
お月見つくね,月見,つく
ゴーヤチャンプル,ゴーヤチャンプル
ごまごまから揚げ,ごま,ごま,揚げ
デコ蒸しパン,デコ,蒸し,パン
クリスマスツリーピザ,クリスマスツリー,ピザ
ケーキポップ,ケーキ,ポップ
お絵かきクッキー,絵かき,クッキー
ニコニコおいもの<br/>やきプリン,ニコニコ,いも,<,br,/>,やき,プリン
牛肉とかぼちゃの<br/>スパイス煮,牛肉,かぼちゃ,<,br,/>,スパイス,煮
クイック・シュトーレン,クイック・シュトーレン
にんじんの<br/>リゾット風ごはん,にんじん,<,br,/>,リゾット,風,ごはん
セロリと鶏肉の<br/>洋風煮込み,セロリ,鶏肉,<,br,/>,洋風,煮込み
えび入りラヴィオリ,えび,入り,ラヴィオリ
もちを焼く,もち,焼く
アボカドグラタン,アボカド,グラタン
れんこんハンバーグ,れん,こん,ハンバーグ
えびと野菜の<br/>ペペロンチーノ,えび,野菜,<,br,/>,ペペロンチーノ
カルボナーラ,カルボナーラ
鶏と青菜の梅パスタ,鶏,青菜,梅,パスタ
ナポリタン,ナポリ,タン
えびとトマトの<br/>サラダパスタ,えび,トマト,<,br,/>,サラダ,パスタ
クリームシチュー,クリーム,シチュー
ハヤシライスソース,ハヤシライス,ソース
鶏のもも焼き,鶏,もも,焼き
フライドポテト,フライドポテト
さばのかんたんみそ煮,さば,かん,ん,みそ,煮
えびと野菜のマリネ,えび,野菜,マリネ
きゅうりの漬け物,きゅうり,漬け,物
鶏ハム,鶏,ハム
スチームトースト,スチーム,トースト
きのこの<br/>白みそパスタ,きのこ,<,br,/>,白みそ,パスタ
ほたてのXO醤炒め,ほた,XO,醤,炒め
かにとかぶの中華煮,かに,かぶ,中華,煮
麻婆なす,麻,婆,なす
豚肉の黒酢蒸し焼き,豚肉,黒,酢,蒸し焼き
パプリカのえびミンチ詰め,パプリカ,えび,ミンチ,詰め
えびのマヨネーズソース,えび,マヨネーズ,ソース
豚肉の黒こしょう焼き,豚肉,黒,こしょう,焼き
にらまんじゅう,にらま,じゅう
彩りしゅうまい,彩り,ゅうまい
牛肉とエリンギの<br/>こしょうぎょうざ,牛肉,エリンギ,<,br,/>,こし
ナシゴレン,ナシゴレン
インドネシア風串焼き,インドネシア,風,串焼き
蒸し焼きビビンバ,蒸し焼き,ビビンバ
ベトナム風焼き春巻き,ベトナム,風,焼き,春巻き
プルコギ,プルコギ
鶏の辛味炒め</br>(ダッカルビ),鶏,辛味,炒め,</,br,>(,ダッカ,ルビ,)
チャプチェ,チャプチェ
魚介とかぼちゃの<br/>クリーム蒸し,魚介,かぼちゃ,<,br,/>,クリーム,蒸し
にんじんラペのココット,にんじん,ラペ,ココット
きのこのとろーりチーズ蒸し,きのこ,とろ,ー,チーズ,蒸し
フレンチシナモントースト,フレンチシナモントースト
豆とひき肉のチリ風味丼,豆,ひき肉,チリ,風味,丼
うどんの焼きボナーラ,うどん,焼き,ボナーラ
エスニック蒸し焼きそば,エスニック,蒸し,焼きそば
和風ドライカレー,和風,ドライ,カレー
牛ロースのみそ炒め丼,牛,ロース,みそ,炒め,丼
ゆずこしょう<br/>そうめんチャンプル,ゆず,こしょう,<,br,/>,そう,めん,チャンプル
シーフードの香草パン粉焼き,シーフード,香,草,パン粉,焼き
ソーセージ,ソーセージ
たいと小松菜の蒸し物,たい,小松菜,蒸し物
春雨のピリ辛蒸し,春雨,ピリ,辛,蒸し
白菜と豚肉の重ね煮,白菜,豚肉,重ね,煮
鶏の西京焼き,鶏,西京,焼き
ふんわりお好み焼き,ふんわり,お好み焼き
きのことほたての<br/>わさび風味,きのこ,ほた,<,br,/>,わさび,風味
なすといかの<br/>しょうがソース,なす,いか,<,br,/>,しょ,ソース
スコーン・ケーキ,スコーン・ケーキ
なめらかプリン,なめらか,プリン
フルーツのおもちロール,フルーツ,もち,ロール
じゃがいもと<br/>牛肉のレモンバター煮,じゃがいも,<,br,/>,牛肉,レモン,バター,煮
セサミ・スティック,セサミ・スティック
ポテトブレッド,ポテトブレッド
りんごのスナックピザ,りんご,スナック,ピザ
キムチとアボカドのカツ,キムチ,アボカド,カツ
トマトのオイル蒸し,トマト,オイル,蒸し
豚肉のロールステーキ,豚肉,ロールステーキ
チキンナゲット,チキンナゲット
エッグスラット,エッグスラット
彩りチキン,彩り,チキン
蒸しいかだんご,蒸し,いかだ
さけ焼きうどん,さけ,焼きうどん
かんたん大根もち,かん,ん,大根,もち
さけのスパイシー照り焼き,さけ,スパイシー,照り,焼き
手羽先となすの南蛮漬け,手羽,先,なす,南蛮,漬け
ガーリックシュリンプ,ガーリックシュリンプ
アスパラの肉巻き,アスパラ,肉,巻き
鶏のたらこマヨネーズ焼き,鶏,たら,こ,マヨネーズ,焼き
いかとセロリの蒸し物,いか,セロリ,蒸し物
さけの塩こうじ蒸し,さけ,塩,こうじ,蒸し
かんたんバナナスコーン,かん,ん,バナナスコーン
パン耳フレンチトースト,パン,耳,フレンチ,トースト
黒豆もちもち,黒豆,もち,もち
いもまんじゅう,いも,まんじゅう
ドライフルーツ（りんご）,ドライ,フルーツ,りんご
ドライハーブ（パセリ）,ドライ,ハーブ,パセリ
サンラータン,サンラータン
手羽と野菜の中華煮,手羽,野菜,中華,煮
えび蒸しぎょうざ,えび,蒸し,ざ
シーフードの変わり揚げ,シーフード,変わり,揚げ
キーマカレー,キーマカレー
えびのアヒージョ,えび,アヒージョ
かぶの豚巻き蒸し,かぶ,豚,巻き,蒸し
ドライフルーツ（キウイ）,ドライ,フルーツ,キウイ
ドライフルーツ（バナナ）,ドライ,フルーツ,バナナ
ドライフルーツ（パイナップル）,ドライ,フルーツ,パイナップル
ドライフルーツ（プチトマト）,ドライ,フルーツ,プチトマト
ドライハーブ（青じそ）,ドライ,ハーブ,青じそ
ドライハーブ（セロリの葉）,ドライ,ハーブ,セロリ,葉
ドライハーブ（オレガノ）,ドライ,ハーブ,オレガノ
ドライハーブ（タイム）,ドライ,ハーブ,タイム
ドライハーブ（ローズマリー）,ドライ,ハーブ,ローズマリー
おかゆ（米から）,おかゆ,米
おかゆ（ごはんから）,おかゆ,ごはん
油淋鶏（ユーリンチー）,油,淋,鶏,ユーリンチー
タンドリーチキン,タンドリーチキン
ミートローフ,ミートローフ
カントリークッキー,カントリー,クッキー
アメリカンスコーン,アメリカンスコーン
カップチーズケーキ,カップチーズケーキ
アップルケーキ,アップル,ケーキ
ガトーショコラ,ガトーショコラ
スペアリブ（塩）,スペアリブ,塩
ポテトチーズおやき（離乳食：完了期１歳〜）,ポテト,チーズ,やき,離乳食,完了,期,１,歳,〜）
野菜うどん（離乳食：完了期1歳〜）,野菜,うどん,離乳食,完了,期,1,歳,〜）
まぐろの照り焼き風（離乳食：完了期1歳〜）,まぐろ,照り,焼き,風,離乳食,完了,期,1,歳,〜）
スティック野菜（離乳食：後期９〜１１ヶ月）,スティック,野菜,離乳食,後期,９,〜,１,１,ヶ月
豆腐とひじきのつくね（離乳食：後期9〜11か月）,豆腐,ひじき,つくね,離乳食,後期,9,〜,11,か月
野菜蒸しパン（離乳食：後期9〜11ヶ月）,野菜,蒸し,パン,離乳食,後期,9,〜,11,ヶ月
１０倍がゆ（離乳食：初期5〜6か月）,１,０,倍,ゆ,離乳食,初期,5,〜,6,か月
白身魚のすり流し（離乳食：初期5〜6ヶ月）,白身,魚,すり,流し,離乳食,初期,5,〜,6,ヶ月
にんじんマッシュ（離乳食：初期5〜6か月）,にんじん,マッシュ,離乳食,初期,5,〜,6,か月
かぼちゃ入りパンがゆ（離乳食：中期7〜8か月）,かぼちゃ,入り,パン,ゆ,離乳食,中期,7,〜,8,か月
オムレツ（離乳食：中期7〜8か月）,オムレツ,離乳食,中期,7,〜,8,か月
さつまいも茶巾（離乳食：中期7〜8か月）,さつまいも,茶巾,離乳食,中期,7,〜,8,か月
手羽先焼き（冷凍）,手羽,先,焼き,冷凍
豚バラグリル,豚,バラ,グリル
ラムチョップ,ラム,チョップ
にんじんゼリー,にんじん,ゼリー
かぼちゃスープ,かぼちゃ,スープ
ほうれん草のカップシフォンケーキ,ほうれん草,カップシフォンケーキ
ステーキを焼く,ステーキ,焼く
とうもろこしをゆでる,とうもろこし,ゆでる
栗を蒸す,栗,蒸す
切干大根と揚げの煮物,切干,大根,揚げ,煮物
ひじきの煮物,ひじき,煮物
手羽先焼き,手羽,先,焼き
鶏の塩焼き(冷凍),鶏,塩焼き,(,冷凍,)
さんまの塩焼き（冷凍）,さんま,塩焼き,冷凍
あさりの<br/>ゆずこしょうパスタ,あさり,<,br,/>,ゆず,こしょう,パスタ
えびのチリソース,えび,チリ,ソース
手作りぎょうざ,手作り,ざ
牛肉ときのこのクリーム煮,牛肉,とき,クリーム,煮
豚肉のマスタードソース,豚肉,マスタード,ソース
鶏肉のバスク風,鶏肉,バスク,風
キッシュ風オムレツ,キッシュ,風,オムレツ
さけのクリーム煮,さけ,クリーム,煮
たらのプロヴァンス風,たら,プロヴァンス,風
かに玉,かに,玉
酢豚,酢豚
回鍋肉（ホイコーロウ）,回,鍋,肉,ホイコーロウ
八宝菜,八,宝,菜
麻婆豆腐,麻,婆,豆腐
塩ざけ（減塩）,塩,ざけ,減,塩
あじの開き（減塩）,あじ,開き,減,塩
あじの開き（冷凍･減塩）,あじ,開き,冷凍,･,減,塩
塩ざけ（冷凍・減塩）,塩,ざけ,冷凍,減,塩
塩さば（減塩）,塩,さば,減,塩
塩さば（冷凍･減塩）,塩,さば,冷凍,･,減,塩
白みそ,白みそ
塩こうじ,塩,こうじ
ヨーグルト,ヨーグルト
さけの甘酒漬焼き,さけ,甘酒,漬,焼き
さわらの甘酒漬焼き,さ,わら,甘酒,漬,焼き
甘酒フレンチトースト,甘酒,フレンチ,トースト
甘酒蒸しパン,甘酒,蒸し,パン
甘酒,甘酒
たらと野菜の中華丼,たら,野菜,中華,丼
牛ステーキのトマトのせ,牛,ステーキ,トマト,せ
豚肉のマスタードクリーム煮,豚肉,マスタード,クリーム,煮
